,District,Date,Count,Minimum,Maximum,Mean,Standard Deviation,Variance,Upper Quartile,Upper 1.5 IQR,Median,Lower 1.5 IQR,Lower Quartile,Year,Month,Day,Area (Hectare),Production (Tonnes),Yield (Tonnes/Hectare)
0,KARAULI,2001-02-02,6268.0,277.22,287.66,281.9836535,2.0927854,4.3797505999999995,283.68,287.66,282.04,277.22,280.0,2001,2,2,61886,118884,1.9210160617910352
1,KARAULI,2002-02-02,6307.0,278.44,287.6,283.5146409,1.7703513,3.1341437,284.9,287.6,283.7,278.44,281.9,2002,2,2,55324,174640,3.1566770298604583
2,KARAULI,2003-02-02,5686.0,278.36,289.14,285.5386106,1.4432896000000002,2.0830846999999997,286.62,289.14,285.66,281.88,284.48,2003,2,2,52941,131287,2.479873821801628
3,KARAULI,2004-02-02,6352.0,279.42,287.38,282.66137910000003,1.832729,3.3588957,284.16,287.38,282.72,279.42,280.84,2004,2,2,63492,231030,3.6387261387261383
4,KARAULI,2005-02-02,6352.0,280.22,290.82,285.5685863,1.7016796000000003,2.8957136,286.785,290.76,285.36,280.22,284.1,2005,2,2,50984,167098,3.277459595167111
5,KARAULI,2006-02-02,6349.0,281.96,292.26,287.1700205,1.9994216,3.9976866,288.76,292.26,287.34,281.96,285.24,2006,2,2,51891,170279,3.281474629511861
6,KARAULI,2007-02-02,6352.0,281.98,292.18,287.733369,1.3627524,1.8570941000000003,288.66,291.38,287.64,284.02,286.8,2007,2,2,53423,163549,3.0613967766692247
7,KARAULI,2008-02-02,6350.0,278.32,286.86,282.35816689999996,1.5911591,2.5317871,283.6,286.86,282.38,278.32,280.96,2008,2,2,56952,192121,3.373384604579295
8,KARAULI,2009-02-02,6352.0,283.02,291.42,286.6221474,1.8086818999999998,3.2713303,288.04,291.42,286.76,283.02,285.06,2009,2,2,62737,228085,3.6355739037569537
9,KARAULI,2010-02-02,6352.0,281.86,289.52,285.17763219999995,1.6471182,2.7129982999999998,286.52,289.52,285.04,281.86,283.74,2010,2,2,73134,285650,3.9058440670549954
10,KARAULI,2011-02-02,6352.0,282.72,290.74,285.8971222,1.7262123999999999,2.9798092,287.36,290.74,285.86,282.72,284.28,2011,2,2,86163,365854,4.246068498079222
11,KARAULI,2012-02-02,6352.0,279.02,286.74,282.7710737,1.6555456000000002,2.7408311000000003,284.1,286.74,282.72,279.02,281.26,2012,2,2,75295,296883,3.942931137525732
12,KARAULI,2013-02-02,6352.0,281.52,288.36,284.7561807,1.3324368999999998,1.7753881,285.72,288.36,284.86,281.52,283.64,2013,2,2,78348,306585,3.9131183948537296
13,KARAULI,2014-02-02,6352.0,283.82,289.78,286.56401760000006,1.0982501,1.2061534,287.4,289.78,286.46,283.82,285.66,2014,2,2,83418,313196,3.754537390011748
14,KARAULI,2015-02-02,6352.0,281.78,288.98,285.2377298,1.4665306,2.150712,286.4,288.98,285.32,281.78,283.84,2015,2,2,85169,308964,3.6276579506628
15,KARAULI,2016-02-02,6348.0,279.54,289.08,284.2724764,1.957293,3.8309959000000005,285.86,289.08,284.36,279.54,282.52,2016,2,2,78974,279286,3.536429711044141
16,KARAULI,2017-02-02,6352.0,282.42,290.32,285.93303210000005,1.3223056,1.7484921999999998,286.86,289.84,285.9,282.42,284.82,2017,2,2,89193,360710,4.044151446862422
17,KARAULI,2018-02-02,6338.0,280.42,289.66,284.9600789,1.8539267,3.4370442999999997,286.5,289.66,284.98,280.42,283.325,2018,2,2,75421,319581,4.23729465268294
18,KARAULI,2019-02-02,6352.0,277.84,287.56,283.17017000000004,1.4554025,2.1181963,284.32,287.56,283.08,278.9,282.02,2019,2,2,77846,346048,4.445289417568018
19,KOTA,2001-02-02,6893.0,279.2,289.04,282.31532860000004,1.964416,3.8589300000000004,283.96,288.54,281.64,279.2,280.76,2001,2,2,96156,241324,2.509713382420234
20,KOTA,2002-02-02,6893.0,280.08,288.16,283.09927749999997,1.6279015,2.6500633999999996,284.42,288.16,282.58,280.08,281.78,2002,2,2,79144,227185,2.8705271404023045
21,KOTA,2003-02-02,6884.0,283.58,290.74,286.029079,1.0327778,1.0666299,286.68,288.9,285.8,283.58,285.2,2003,2,2,50311,141770,2.8178728309912344
22,KOTA,2004-02-02,6893.0,279.18,288.9,282.1220572,1.8522158,3.4307033,283.54,287.82,281.4,279.18,280.68,2004,2,2,66760,191358,2.8663571000599157
23,KOTA,2005-02-02,6893.0,281.14,290.1,285.46391989999995,1.3835605,1.9142396000000002,286.36,289.26,285.2,281.54,284.42,2005,2,2,64902,220058,3.3906197035530488
24,KOTA,2006-02-02,6893.0,283.68,292.3,286.4262034,1.7178011999999998,2.9508411,287.78,291.86,285.8,283.68,285.06,2006,2,2,64753,209469,3.234892591849026
25,KOTA,2007-02-02,6893.0,285.1,292.74,288.0231684,1.591674,2.533426,289.38,292.74,287.66,285.1,286.66,2007,2,2,81551,296388,3.634388296893968
26,KOTA,2008-02-02,6893.0,279.36,287.1,281.8500131,1.4734483,2.1710498,282.98,286.38,281.36,279.36,280.7,2008,2,2,110050,398747,3.62332576101772
27,KOTA,2009-02-02,6893.0,283.8,291.94,286.2350268,1.5043693,2.2631271,287.36,290.76,285.72,283.8,285.08,2009,2,2,86611,320290,3.698029118703167
28,KOTA,2010-02-02,6893.0,282.34,291.84,285.240235,1.8555244999999998,3.4429712,286.82,291.36,284.68,282.34,283.72,2010,2,2,91999,325222,3.535060163697432
29,KOTA,2011-02-02,6893.0,284.0,291.5,286.7029885,1.47332,2.1706719,287.9,291.26,286.14,284.0,285.56,2011,2,2,115280,411409,3.5687803608605133
30,KOTA,2012-02-02,6893.0,280.36,288.84,282.84371969999995,1.4330896999999998,2.0537462,283.98,287.36,282.34,280.36,281.72,2012,2,2,111785,467738,4.18426443619448
31,KOTA,2013-02-02,6893.0,281.32,289.7,284.23369510000003,1.2384368000000001,1.5337257,285.06,287.64,284.02,281.32,283.34,2013,2,2,127996,541271,4.228811837869934
32,KOTA,2014-02-02,6893.0,284.36,292.22,286.8803163,1.3569917999999999,1.8414268,287.96,291.14,286.46,284.36,285.82,2014,2,2,138008,553604,4.011390644020636
33,KOTA,2015-02-02,6893.0,283.92,290.66,286.0320093,1.2046086,1.4510818,286.86,289.44,285.68,283.92,285.14,2015,2,2,135748,279120,2.056162890060995
34,KOTA,2016-02-02,6893.0,281.9,289.98,284.36201360000007,1.4061982,1.9773933999999997,285.46,288.7,283.86,281.9,283.28,2016,2,2,120081,468840,3.9043645539261003
35,KOTA,2017-02-02,6893.0,281.62,291.04,285.6603018,1.4852298000000002,2.2059076,286.62,289.46,285.56,281.9,284.72,2017,2,2,141604,622806,4.398223214033502
36,KOTA,2018-02-02,6893.0,282.68,290.6,285.08805739999997,1.3843123,1.9163206000000002,286.12,289.22,284.6,282.68,284.02,2018,2,2,120490,502518,4.1706199684621135
37,KOTA,2019-02-02,6893.0,280.6,289.04,283.5971072,1.3931659,1.9409113000000002,284.5,287.34,283.48,280.6,282.6,2019,2,2,142148,666856,4.691279511495061
38,NAGAUR,2001-02-02,20805.0,273.1,286.6,278.953938,1.4082754,1.9832395,279.94,283.02,278.72,274.8,277.88,2001,2,2,91912,184326,2.00546174601793
39,NAGAUR,2002-02-02,21038.0,274.1,284.46,278.7979409,1.1702836,1.3695636,279.64,282.24,278.54,275.32,277.9,2002,2,2,69514,179307,2.5794372356647584
40,NAGAUR,2003-02-02,20791.0,274.42,286.04,281.0431668,1.0838084,1.1746406,281.74,283.8,281.0,278.3,280.36,2003,2,2,85412,189465,2.218248021355313
41,NAGAUR,2004-02-02,21106.0,275.18,288.12,279.84982189999994,1.0999735000000002,1.2099416,280.58,282.8,279.78,276.88,279.1,2004,2,2,74768,201871,2.6999652257650335
42,NAGAUR,2005-02-02,21113.0,274.9,286.86,281.19931319999995,1.4245303999999999,2.0292868000000004,282.16,284.94,281.14,277.52,280.3,2005,2,2,69640,141396,2.0303848363009767
43,NAGAUR,2006-02-02,20883.0,270.32,290.94,284.2325968,1.4680281000000002,2.1551065,285.26,288.32,284.14,280.16,283.22,2006,2,2,71316,163469,2.2921784732738795
44,NAGAUR,2007-02-02,21077.0,276.96,292.04,285.1013095,1.5696747,2.4638787,286.1,288.98,285.2,281.3,284.18,2007,2,2,76384,165160,2.162232928361961
45,NAGAUR,2008-02-02,20844.0,273.08,286.32,277.2806045,1.301995,1.695191,278.16,281.0,277.08,273.8,276.26,2008,2,2,79567,161304,2.02727261301796
46,NAGAUR,2009-02-02,20912.0,277.66,290.4,284.21711170000003,1.1031313,1.2168987,284.92,287.14,284.06,281.22,283.44,2009,2,2,67100,173274,2.582324888226528
47,NAGAUR,2010-02-02,21020.0,272.92,288.46,282.6488373,1.2173419,1.4819214,283.44,285.74,282.62,279.6,281.9,2010,2,2,77165,194171,2.5163092075422795
48,NAGAUR,2011-02-02,21126.0,279.4,290.14,284.01086910000004,1.1734809,1.3770575,284.8,287.34,283.86,280.58,283.1,2011,2,2,77362,194987,2.520449316201753
49,NAGAUR,2012-02-02,21057.0,272.36,286.56,278.7922686,1.2663169,1.6035586000000002,279.62,282.14,278.64,275.42,277.94,2012,2,2,56807,142524,2.5089161546992447
50,NAGAUR,2013-02-02,21045.0,276.8,291.1,282.076899,1.1430865,1.3066467,282.76,284.88,281.98,279.22,281.34,2013,2,2,83768,212344,2.534905930665648
51,NAGAUR,2014-02-02,21100.0,266.18,289.32,283.150073,1.7408761000000001,3.0306495,284.48,288.36,283.4,277.86,281.82,2014,2,2,75548,189555,2.509067083178906
52,NAGAUR,2015-02-02,21101.0,275.28,288.7,283.53997730000003,1.4657086000000001,2.1483017999999996,284.62,287.82,283.46,279.28,282.48,2015,2,2,71637,161510,2.2545611904462777
53,NAGAUR,2016-02-02,20940.0,277.66,286.74,281.51842410000006,1.2160616000000002,1.4788058000000002,282.38,284.98,281.42,278.06,280.64,2016,2,2,60279,160235,2.658222598251464
54,NAGAUR,2017-02-02,20818.0,274.82,289.16,282.1145797,1.578257,2.4908952999999996,283.12,286.14,282.08,278.08,281.1,2017,2,2,64949,165199,2.5435187608739165
55,NAGAUR,2018-02-02,21018.0,274.22,287.4,280.7665011,1.4093395,1.9862379000000001,281.76,284.86,280.62,276.62,279.68,2018,2,2,53677,142533,2.6553831249883557
56,NAGAUR,2019-02-02,20991.0,275.32,288.88,281.11418039999995,1.6161725,2.6120134999999998,282.32,286.0,280.92,276.3,279.86,2019,2,2,51378,145883,2.839405971427459
57,PALI,2001-02-02,14798.0,275.4,288.9,282.5451845,1.8178025000000002,3.3044059,283.34,286.34,282.18,278.34,281.34,2001,2,2,51527,74074,1.4375764162477924
58,PALI,2002-02-02,14971.0,278.32,287.12,281.5760163,1.3334857,1.778184,282.1,284.22,281.2,278.56,280.68,2002,2,2,68178,113534,1.665258587814251
59,PALI,2003-02-02,14445.0,270.38,289.0,283.98688960000004,1.4611530000000001,2.1349679,284.72,287.18,283.74,280.62,283.08,2003,2,2,29431,61032,2.0737317794162617
60,PALI,2004-02-02,14969.0,277.68,288.6,282.53898860000004,1.3558986000000002,1.8384609,282.98,284.86,282.28,279.84,281.72,2004,2,2,38801,79685,2.0536841833973347
61,PALI,2005-02-02,14971.0,276.04,290.36,285.06649260000006,1.8988022,3.6054498999999995,286.14,289.4,285.14,280.7,283.96,2005,2,2,25553,43649,1.7081751653426211
62,PALI,2006-02-02,14818.0,278.14,293.1,287.5815009,1.4772273999999999,2.1822008999999998,288.28,290.64,287.4,284.34,286.7,2006,2,2,28652,37038,1.2926846293452463
63,PALI,2007-02-02,14946.0,280.74,292.46,287.74208219999997,1.2360245,1.5277566999999999,288.34,290.34,287.66,285.0,287.0,2007,2,2,77550,149111,1.9227724049000643
64,PALI,2008-02-02,14898.0,275.68,286.34,279.34432680000003,1.0472204999999999,1.0966707,279.88,281.7,279.14,276.84,278.66,2008,2,2,69452,131968,1.900132465587744
65,PALI,2009-02-02,14883.0,282.36,291.64,286.59979710000005,1.2005282,1.4412678,287.16,289.16,286.42,283.82,285.82,2009,2,2,30185,51077,1.692131853569654
66,PALI,2010-02-02,14924.0,278.74,290.72,285.4936304,1.5937411,2.5400106,286.28,289.04,285.34,281.68,284.44,2010,2,2,24350,48213,1.98
67,PALI,2011-02-02,14971.0,283.0,291.36,287.0434587,1.0944953000000002,1.19792,287.5,289.24,286.84,284.6,286.34,2011,2,2,80115,145154,1.8118205080197216
68,PALI,2012-02-02,14969.0,275.16,287.8,281.7937671,1.3235244,1.7517167000000002,282.36,284.4,281.58,278.96,281.0,2012,2,2,48464,107092,2.209722680752724
69,PALI,2013-02-02,14968.0,280.12,288.42,283.6768653,1.0797978000000001,1.1659633999999999,284.36,286.48,283.56,280.82,282.94,2013,2,2,57098,144534,2.5313320956951206
70,PALI,2014-02-02,14971.0,281.02,290.62,286.4026505,1.2222859,1.4939826999999999,287.06,289.1,286.38,283.66,285.7,2014,2,2,47446,129758,2.734856468406188
71,PALI,2015-02-02,14969.0,278.92,290.36,286.40273360000003,1.2814893,1.6422148999999997,287.2,289.44,286.46,283.46,285.7,2015,2,2,49826,99960,2.006181511660579
72,PALI,2016-02-02,14937.0,279.22,289.62,284.271902,1.3168417,1.7340721000000001,284.8,286.84,284.02,281.42,283.44,2016,2,2,61193,157499,2.573807461637769
73,PALI,2017-02-02,14958.0,274.14,290.44,284.0050542,1.3934813,1.9417901000000002,284.84,287.44,284.0,280.52,283.1,2017,2,2,92531,265876,2.8733721671655985
74,PALI,2018-02-02,14968.0,279.28,290.92,284.44739580000004,1.3603047,1.8504288,285.02,287.18,284.26,281.42,283.58,2018,2,2,82074,216513,2.6380217852182177
75,PALI,2019-02-02,14971.0,279.74,288.78,283.55697819999995,1.1956593,1.4296011999999998,284.2,286.36,283.44,280.6,282.76,2019,2,2,50085,146542,2.9258660277528197
76,RAJSAMAND,2001-02-02,5698.0,278.42,288.82,283.2411092,1.6936711,2.8685218,284.44,288.18,283.1,278.42,281.92,2001,2,2,3342,7208,2.1567923399162177
77,RAJSAMAND,2002-02-02,5703.0,279.48,286.0,282.7139155,1.2001153,1.4402768,283.56,286.0,282.7,279.48,281.76,2002,2,2,15369,42099,2.7392153035330864
78,RAJSAMAND,2003-02-02,5698.0,281.04,287.5,284.411562,1.0207216000000001,1.0418726,285.04,286.98,284.32,281.8,283.74,2003,2,2,1482,3158,2.1309041835357623
79,RAJSAMAND,2004-02-02,5703.0,279.06,287.48,282.8717377,1.4331056999999998,2.0537919,283.86,286.98,282.76,279.06,281.76,2004,2,2,5376,15020,2.7938988095238093
80,RAJSAMAND,2005-02-02,5703.0,282.24,289.58,285.70936,1.1033962,1.2174831,286.34,288.32,285.6,283.06,285.02,2005,2,2,3293,9348,2.8387488612207714
81,RAJSAMAND,2006-02-02,5703.0,284.2,292.88,287.6283745,1.4806620000000001,2.1923601,288.58,291.8,287.5,284.2,286.43,2006,2,2,16323,45077,2.7615634380934884
82,RAJSAMAND,2007-02-02,5703.0,284.92,291.26,287.8367912,1.0633464,1.1307055,288.5,290.66,287.72,284.92,287.06,2007,2,2,36704,116996,3.1875544899738446
83,RAJSAMAND,2008-02-02,5703.0,277.42,285.44,280.0868631,0.9205723,0.8474533000000001,280.74,282.54,280.04,277.62,279.48,2008,2,2,34420,107093,3.1113596746077863
84,RAJSAMAND,2009-02-02,5703.0,283.92,290.62,286.87127480000004,1.1649375,1.3570795,287.7,290.22,286.82,283.92,286.0,2009,2,2,12069,26966,2.2343193305161986
85,RAJSAMAND,2010-02-02,5703.0,281.96,290.1,285.58360510000006,1.2803745,1.639359,286.42,288.98,285.5,282.14,284.7,2010,2,2,6461,16811,2.6019192075530104
86,RAJSAMAND,2011-02-02,5703.0,284.32,290.98,287.0231843,1.0412794,1.0842628,287.64,289.7,286.94,284.32,286.26,2011,2,2,31898,104462,3.2748761677848144
87,RAJSAMAND,2012-02-02,5703.0,278.28,287.32,282.222041,1.1821549999999998,1.3974905,283.06,285.54,282.08,278.84,281.36,2012,2,2,32314,100979,3.124930370737142
88,RAJSAMAND,2013-02-02,5703.0,280.7,288.42,283.322041,0.885114,0.7834267,283.84,285.52,283.2,281.1,282.72,2013,2,2,33480,110290,3.294205495818399
89,RAJSAMAND,2014-02-02,5703.0,283.96,289.9,286.4339961,0.9195612,0.8455927,287.02,288.88,286.32,283.96,285.78,2014,2,2,30675,89919,2.931344743276284
90,RAJSAMAND,2015-02-02,5703.0,283.1,289.16,285.6287112,0.9446162,0.8922998,286.2,288.1,285.48,283.1,284.92,2015,2,2,29541,69577,2.3552689482414277
91,RAJSAMAND,2016-02-02,5703.0,281.44,288.72,284.35969839999996,1.2483633,1.5584109,285.16,287.8,284.22,281.44,283.39,2016,2,2,25946,71148,2.74215678717336
92,RAJSAMAND,2017-02-02,5703.0,279.9,289.5,283.90166580000005,1.3456763,1.8108448,284.94,287.9,283.9,279.9,282.88,2017,2,2,32458,105559,3.252172037710272
93,RAJSAMAND,2018-02-02,5703.0,281.72,290.0,285.128336,1.2151949,1.4766986999999998,285.98,288.62,284.96,281.72,284.2,2018,2,2,34327,112397,3.274303026771929
94,RAJSAMAND,2019-02-02,5703.0,279.0,289.14,283.4507172,0.9993453000000001,0.998691,283.94,285.64,283.32,281.1,282.8,2019,2,2,22479,66677,2.9661906668446107
95,SAWAI MADHOPUR,2001-02-02,5748.0,276.36,287.0,281.2062213,2.0465723999999996,4.1884584,282.38,286.42,280.5,276.36,279.68,2001,2,2,66197,111612,1.6860582805867337
96,SAWAI MADHOPUR,2002-02-02,5783.0,279.14,287.2,282.60986339999994,1.6246655,2.6395381,283.74,287.2,282.2,279.14,281.34,2002,2,2,62102,116887,1.8821777076422657
97,SAWAI MADHOPUR,2003-02-02,4839.0,276.84,288.96,285.1505063,1.2486579,1.5591466999999999,286.14,288.96,284.98,281.32,284.1,2003,2,2,54227,82843,1.5277075995352867
98,SAWAI MADHOPUR,2004-02-02,5783.0,278.48,286.78,281.66060869999995,1.7102173999999999,2.9248436,282.56,285.8,281.0,278.48,280.4,2004,2,2,60948,130252,2.1371004790969352
99,SAWAI MADHOPUR,2005-02-02,5783.0,279.18,289.98,285.16807539999996,1.739165,3.0246949,286.58,289.98,284.76,279.98,283.78,2005,2,2,44021,78218,1.7768337838758774
100,SAWAI MADHOPUR,2006-02-02,5747.0,277.64,291.36,285.8857595,1.9306535,3.7274229,287.06,290.82,285.32,281.38,284.54,2006,2,2,44491,90111,2.0253759187251354
101,SAWAI MADHOPUR,2007-02-02,5781.0,281.04,291.86,287.9870022,1.3714371,1.8808398000000002,288.88,291.58,287.9,284.36,287.06,2007,2,2,42351,118521,2.798540766451796
102,SAWAI MADHOPUR,2008-02-02,5775.0,275.1,286.16,281.87935580000004,1.5204415,2.3117422999999997,282.94,286.16,281.6,277.66,280.7,2008,2,2,45688,118179,2.586652950446507
103,SAWAI MADHOPUR,2009-02-02,5783.0,280.82,291.06,286.02558189999996,1.6143928,2.606264,287.12,290.66,285.54,282.62,284.74,2009,2,2,53450,164400,3.0757717492984096
104,SAWAI MADHOPUR,2010-02-02,5783.0,281.4,289.84,284.6554902,1.6297078999999999,2.6559477000000005,285.56,288.68,284.1,281.4,283.48,2010,2,2,61185,213165,3.4839421426820296
105,SAWAI MADHOPUR,2011-02-02,5783.0,282.98,290.44,285.3796611,1.427511,2.0377877,286.26,289.16,284.94,282.98,284.32,2011,2,2,84191,291368,3.460797472413916
106,SAWAI MADHOPUR,2012-02-02,5783.0,279.52,287.1,282.0899775,1.323027,1.7504004000000002,282.94,285.7,281.6,279.52,281.1,2012,2,2,70125,230402,3.285590017825312
107,SAWAI MADHOPUR,2013-02-02,5783.0,280.22,288.02,283.98157010000006,1.2199183,1.4882008,284.78,287.3,283.7,280.82,283.08,2013,2,2,70003,229909,3.2842735311343803
108,SAWAI MADHOPUR,2014-02-02,5783.0,283.6,290.08,286.0111153,1.0845915000000002,1.1763386,286.76,289.18,285.82,283.6,285.14,2014,2,2,77203,218377,2.8286076965921008
109,SAWAI MADHOPUR,2015-02-02,5783.0,282.28,289.3,285.1056095,1.3171453000000002,1.7348717,285.96,288.74,284.76,282.28,284.1,2015,2,2,82257,271260,3.2977132645246
110,SAWAI MADHOPUR,2016-02-02,5783.0,279.42,288.6,283.5742106,1.5265511999999999,2.3303586,284.58,287.88,283.14,279.42,282.38,2016,2,2,69313,230484,3.3252636590538573
111,SAWAI MADHOPUR,2017-02-02,5783.0,281.86,289.98,285.5137299,1.2728868999999998,1.6202412,286.24,288.76,285.14,283.02,284.56,2017,2,2,85337,350076,4.1022768552913735
112,SAWAI MADHOPUR,2018-02-02,5755.0,279.7,288.86,283.974669,1.7030918000000002,2.9005218,285.0,288.42,283.44,279.7,282.72,2018,2,2,64273,251725,3.916496818259611
113,SAWAI MADHOPUR,2019-02-02,5783.0,279.14,288.3,282.2363687,1.5431933999999998,2.3814458,283.46,287.04,281.84,279.14,280.96,2019,2,2,70181,300227,4.277895726763654
114,SIKAR,2001-02-02,9026.0,273.72,285.4,278.3414536,1.8253335,3.3318423999999998,278.76,280.94,277.76,275.14,277.3,2001,2,2,86767,171194,1.9730312215473624
115,SIKAR,2002-02-02,9207.0,273.94,285.68,278.4766417,1.6136103000000002,2.6037383,279.12,281.66,278.0,274.9,277.42,2002,2,2,82086,269379,3.2816680067246544
116,SIKAR,2003-02-02,9150.0,275.42,284.36,280.46958689999997,1.203637,1.448742,281.06,283.16,280.35,277.56,279.66,2003,2,2,84627,247138,2.92032093776218
117,SIKAR,2004-02-02,9379.0,274.46,284.82,278.8414628,1.542447,2.3791428,279.28,281.22,278.4,276.04,277.98,2004,2,2,86844,229255,2.6398484639123025
118,SIKAR,2005-02-02,9373.0,273.28,285.6,280.1647583,1.3863948,1.9220906999999998,281.12,284.24,280.12,276.06,279.04,2005,2,2,86650,266724,3.0781765724177728
119,SIKAR,2006-02-02,9191.0,260.9,290.3,283.46277010000006,1.8360708,3.3711559999999996,283.88,285.86,283.06,280.58,282.56,2006,2,2,84607,215361,2.545427683288617
120,SIKAR,2007-02-02,9381.0,278.42,289.1,284.78091889999996,1.1379816999999999,1.2950025,285.42,287.42,284.82,282.08,284.08,2007,2,2,84349,267674,3.1734104731532087
121,SIKAR,2008-02-02,8885.0,268.0,285.04,277.09074849999996,1.8758596999999997,3.5188497000000005,278.2,282.22,276.72,272.36,275.52,2008,2,2,85200,170924,2.006150234741784
122,SIKAR,2009-02-02,9354.0,278.98,288.32,283.3762754,1.3045999,1.7019808999999997,283.86,285.86,283.0,280.52,282.52,2009,2,2,85657,250455,2.92392915932148
123,SIKAR,2010-02-02,9360.0,273.64,286.88,281.9711795,1.4267341,2.0355702,282.54,284.52,281.9,279.24,281.22,2010,2,2,90628,301181,3.3232665401421198
124,SIKAR,2011-02-02,9382.0,280.52,288.22,283.29611810000006,1.1793835,1.3909455,283.74,285.54,283.04,280.74,282.54,2011,2,2,100483,343783,3.421305096384463
125,SIKAR,2012-02-02,9382.0,274.28,286.52,278.1351034,1.2937738,1.6738506000000002,278.54,280.36,277.76,275.5,277.32,2012,2,2,100080,292553,2.923191446842526
126,SIKAR,2013-02-02,9362.0,278.06,285.34,281.2658919,0.8732816999999999,0.762621,281.66,283.06,281.16,279.34,280.72,2013,2,2,100128,327293,3.2687460051134547
127,SIKAR,2014-02-02,9373.0,276.62,287.24,281.82383230000005,1.52388,2.3222103,282.7,285.22,281.78,278.5,281.02,2014,2,2,101345,331358,3.2696038285065865
128,SIKAR,2015-02-02,9332.0,273.54,287.08,282.4853643,1.5324331,2.3483511000000004,283.48,286.56,282.28,278.78,281.42,2015,2,2,99558,347485,3.4902770244480603
129,SIKAR,2016-02-02,9338.0,276.7,285.86,280.5489505,1.470507,2.1623908,281.02,283.06,280.12,277.62,279.66,2016,2,2,92333,323185,3.5002111920981664
130,SIKAR,2017-02-02,9302.0,274.92,288.18,282.2086842,1.7673098000000003,3.1233838,283.04,286.04,281.9,278.14,281.04,2017,2,2,92032,333627,3.6251195236439497
131,SIKAR,2018-02-02,9354.0,275.72,285.86,279.6295809,1.6086162,2.5876459,279.98,282.02,279.16,276.58,278.62,2018,2,2,86085,285834,3.3203694023349017
132,SIKAR,2019-02-02,9280.0,276.2,287.32,280.7829483,1.5590734,2.4307098,281.62,284.32,280.42,277.14,279.82,2019,2,2,83288,321575,3.8610003842090097
133,SIROHI,2001-02-02,6144.0,275.28,291.46,284.8788542,2.1985532,4.8336362,286.84,291.46,284.66,277.58,283.04,2001,2,2,15218,25630,1.684189775266132
134,SIROHI,2002-02-02,6267.0,278.28,288.22,283.7440498,1.7510273,3.0660964,285.16,288.22,283.54,278.28,282.34,2002,2,2,22526,51029,2.265337831838764
135,SIROHI,2003-02-02,6085.0,279.76,290.96,287.1174593,1.5944143,2.5421568,288.38,290.96,287.14,282.32,285.94,2003,2,2,10087,24429,2.421830078318628
136,SIROHI,2004-02-02,6266.0,279.88,289.52,284.50140439999996,1.7985427,3.2347558,285.9,289.52,284.1,279.88,283.08,2004,2,2,26658,70468,2.643409107960087
137,SIROHI,2005-02-02,6254.0,277.66,291.0,287.4420051,1.9230131999999998,3.6979799,288.84,291.0,287.78,282.56,286.32,2005,2,2,16300,30254,1.8560736196319016
138,SIROHI,2006-02-02,6247.0,281.98,293.94,289.2802433,1.7334047,3.0046918999999996,290.66,293.94,289.0,284.98,287.96,2006,2,2,27201,64336,2.365207161501415
139,SIROHI,2007-02-02,6252.0,284.3,292.58,288.6256974,1.4862604,2.20897,289.78,292.58,288.44,284.46,287.6,2007,2,2,46191,109237,2.3648979238379773
140,SIROHI,2008-02-02,6268.0,276.56,286.52,280.69014039999996,1.4061261999999999,1.9771908999999999,281.82,284.62,280.48,276.56,279.66,2008,2,2,39349,92695,2.3557142494091337
141,SIROHI,2009-02-02,6220.0,283.42,293.06,288.5087749,1.5047827,2.264371,289.64,292.86,288.38,284.2,287.42,2009,2,2,24790,52778,2.129003630496168
142,SIROHI,2010-02-02,6263.0,283.36,291.8,287.5877375,1.5190801999999999,2.3076044999999996,288.8,291.8,287.46,283.36,286.42,2010,2,2,18016,44115,2.4486567495559504
143,SIROHI,2011-02-02,6268.0,285.12,292.54,288.4585322,1.3656191,1.8649156999999998,289.5,292.54,288.24,285.12,287.4,2011,2,2,39045,114373,2.9292611089768217
144,SIROHI,2012-02-02,6268.0,278.76,287.22,283.5261359,1.5250939,2.3259115,284.78,287.22,283.3,278.76,282.335,2012,2,2,37254,101128,2.714554141837118
145,SIROHI,2013-02-02,6268.0,280.36,288.18,284.06535099999996,1.4515770000000001,2.1070757,285.14,288.18,283.9,280.36,282.92,2013,2,2,35949,99139,2.757767949038916
146,SIROHI,2014-02-02,6268.0,282.82,291.26,287.63717610000003,1.3423627,1.8019376,288.68,291.26,287.5,283.58,286.64,2014,2,2,34035,94095,2.7646540326134863
147,SIROHI,2015-02-02,6268.0,283.24,291.18,287.5021091,1.3644006000000002,1.861589,288.54,291.18,287.3,283.5,286.5,2015,2,2,26851,62377,2.3230792149268185
148,SIROHI,2016-02-02,6265.0,281.3,291.04,285.6073168,1.9375586999999999,3.7541336000000003,287.2,291.04,285.16,281.3,284.04,2016,2,2,34226,91608,2.6765616782562964
149,SIROHI,2017-02-02,6268.0,280.64,289.78,285.5481972,1.5142388999999998,2.2929196,286.76,289.78,285.34,281.14,284.5,2017,2,2,37509,108650,2.8966381401796903
150,SIROHI,2018-02-02,6268.0,282.86,290.96,286.2260115,1.6559746,2.7422519,287.6,290.96,285.8,282.86,284.94,2018,2,2,22239,66374,2.9845766446333015
151,SIROHI,2019-02-02,6268.0,277.12,288.46,284.3578271,1.409718,1.9873049999999999,285.42,288.46,284.22,280.24,283.32,2019,2,2,29066,87890,3.023807885501961
152,TONK,2001-02-02,8794.0,276.34,289.1,280.6293609,1.3108292,1.7182732,281.08,282.9,280.42,278.04,279.86,2001,2,2,70478,108495,1.539416555520872
153,TONK,2002-02-02,8835.0,277.56,288.42,281.37107189999995,1.1896305,1.4152207,281.84,283.64,281.14,278.84,280.64,2002,2,2,60297,123635,2.0504336865847392
154,TONK,2003-02-02,7711.0,274.74,289.46,283.795972,1.1623421999999999,1.3510393,284.54,286.84,283.66,280.7,283.0,2003,2,2,39825,80975,2.033270558694288
155,TONK,2004-02-02,8845.0,276.34,288.88,280.81980550000003,1.0479701,1.0982413,281.04,282.14,280.66,279.2,280.3,2004,2,2,47241,124621,2.637983954615694
156,TONK,2005-02-02,8849.0,278.44,290.56,284.2415753,1.5703605,2.4660322,285.2,288.2,284.1,280.22,283.2,2005,2,2,60615,169243,2.792097665594325
157,TONK,2006-02-02,8784.0,279.74,293.08,285.4683356,1.2625642,1.5940684999999999,285.76,287.26,285.22,283.28,284.76,2006,2,2,54647,138646,2.5371200614855343
158,TONK,2007-02-02,8757.0,275.5,292.64,286.8387918,1.5263478000000001,2.3297375,287.62,289.96,286.88,283.72,286.06,2007,2,2,63430,163346,2.5752167743969734
159,TONK,2008-02-02,8800.0,276.86,286.94,280.4687591,1.2419858999999998,1.5425291,281.06,283.16,280.28,277.58,279.66,2008,2,2,69961,175020,2.5016795071539857
160,TONK,2009-02-02,8837.0,282.14,292.1,285.5285753,1.115616,1.244599,285.94,287.62,285.28,283.14,284.82,2009,2,2,40643,105913,2.605934601284354
161,TONK,2010-02-02,8846.0,281.02,289.6,284.2177255,1.0021111999999999,1.0042269,284.7,286.44,284.08,281.8,283.54,2010,2,2,39926,106733,2.6732705505184597
162,TONK,2011-02-02,8849.0,282.36,291.04,285.1249633,0.9506034999999999,0.903647,285.54,287.0,284.96,283.12,284.56,2011,2,2,88632,284497,3.2098677678490843
163,TONK,2012-02-02,8849.0,277.92,289.02,281.2309798,1.2850353,1.6513156999999998,281.6,283.16,281.06,279.0,280.56,2012,2,2,67431,233365,3.4607969628212545
164,TONK,2013-02-02,8849.0,280.02,290.02,282.84672620000003,1.0915389,1.1914571000000003,283.2,284.6,282.7,280.86,282.26,2013,2,2,61769,211218,3.4194822645663683
165,TONK,2014-02-02,8849.0,282.8,291.94,285.25987119999996,1.1171961000000001,1.2481271999999999,285.54,286.92,285.0,283.28,284.62,2014,2,2,58416,200010,3.4238907148726376
166,TONK,2015-02-02,8849.0,281.4,291.32,284.8251305,1.1295731000000002,1.2759353,285.14,286.54,284.64,282.8,284.2,2015,2,2,66376,138758,2.0904845124743883
167,TONK,2016-02-02,8840.0,279.8,290.86,282.7373643,1.1883978000000002,1.4122894,282.88,283.96,282.48,281.08,282.16,2016,2,2,51468,160971,3.127593844719049
168,TONK,2017-02-02,8849.0,281.56,292.18,284.47707310000004,1.310642,1.7177824000000002,284.88,286.64,284.2,281.98,283.7,2017,2,2,69184,250843,3.6257371646623495
169,TONK,2018-02-02,8849.0,280.5,291.14,283.4152288,1.2087294,1.4610268,283.66,285.0,283.18,281.44,282.76,2018,2,2,45842,152773,3.3325989267483966
170,TONK,2019-02-02,8849.0,278.66,288.46,281.42917620000003,1.1260475,1.267983,282.04,284.22,281.38,278.66,280.58,2019,2,2,40139,143883,3.584618450883181
171,UDAIPUR,2001-02-02,15320.0,277.62,290.34,285.75287599999996,1.8242348000000002,3.3278326000000003,287.02,290.34,285.96,281.38,284.76,2001,2,2,17488,38009,2.1734332113449217
172,UDAIPUR,2002-02-02,15380.0,279.96,289.3,284.9296268,1.7474956000000001,3.0537408999999998,286.22,289.3,285.08,280.14,283.78,2002,2,2,38959,97378,2.499499473805796
173,UDAIPUR,2003-02-02,15380.0,282.54,291.38,287.5684707,1.7174463,2.9496217000000002,288.86,291.38,287.84,282.54,286.28,2003,2,2,16935,38743,2.2877472689695897
174,UDAIPUR,2004-02-02,15380.0,279.86,288.98,284.5053472,1.6631175999999999,2.7659601,285.7,288.98,284.58,280.1,283.46,2004,2,2,33804,82623,2.4441782037628683
175,UDAIPUR,2005-02-02,15380.0,282.98,291.02,287.2292237,1.3571649,1.8418966,288.22,291.02,287.26,283.64,286.3,2005,2,2,48549,160395,3.3037755669529756
176,UDAIPUR,2006-02-02,15380.0,284.68,292.94,288.97116780000005,1.6061632,2.5797601,290.165,292.94,289.04,284.68,287.96,2006,2,2,67990,148568,2.1851448742462125
177,UDAIPUR,2007-02-02,15380.0,285.02,293.54,288.97552410000003,1.4986233,2.2458717999999998,290.02,293.04,289.02,285.02,287.98,2007,2,2,88904,217207,2.4431634122199224
178,UDAIPUR,2008-02-02,15380.0,276.84,287.98,281.717498,1.4467152,2.0929849999999997,282.7,285.58,281.78,277.92,280.78,2008,2,2,79367,184713,2.327327478675016
179,UDAIPUR,2009-02-02,15380.0,283.88,292.24,288.14502339999996,1.5417123,2.3768769,289.28,292.24,288.22,284.02,287.16,2009,2,2,41115,86645,2.107381734160282
180,UDAIPUR,2010-02-02,15380.0,283.14,291.8,287.43811830000004,1.6002813,2.5609002999999997,288.58,291.64,287.56,283.44,286.52,2010,2,2,32201,75366,2.340486320300612
181,UDAIPUR,2011-02-02,15380.0,283.98,292.16,288.3364876,1.4914357,2.2243803,289.42,292.16,288.46,284.4,287.4,2011,2,2,55118,131966,2.3942450742044343
182,UDAIPUR,2012-02-02,15380.0,279.82,289.84,284.4114187,1.6617313000000002,2.7613507999999998,285.54,288.9,284.5,280.02,283.3,2012,2,2,71948,201479,2.800341913604269
183,UDAIPUR,2013-02-02,15380.0,280.52,290.36,284.75130950000005,1.7166767,2.9469787999999997,285.96,289.58,284.86,280.52,283.54,2013,2,2,72678,178517,2.456272874872726
184,UDAIPUR,2014-02-02,15380.0,283.46,292.28,287.7968101,1.3704756999999999,1.8782037,288.78,291.62,287.9,284.04,286.88,2014,2,2,70717,200803,2.839529391801123
185,UDAIPUR,2015-02-02,15380.0,283.62,291.3,287.6898661,1.5883811,2.5229543999999997,288.84,291.3,287.78,283.62,286.7,2015,2,2,76849,193315,2.515517443297896
186,UDAIPUR,2016-02-02,15380.0,281.54,291.16,286.11390510000007,1.7817036,3.1744678,287.36,290.78,286.24,281.68,285.08,2016,2,2,74822,210840,2.8178877870145143
187,UDAIPUR,2017-02-02,15380.0,280.02,291.86,285.6243888,1.8292979,3.3463309999999997,286.92,290.54,285.8,280.88,284.5,2017,2,2,80410,250975,3.1211913941052107
188,UDAIPUR,2018-02-02,15380.0,282.5,291.6,286.803459,1.5808343,2.4990371,287.94,291.02,286.91,282.8,285.88,2018,2,2,80937,229859,2.8399743009995433
189,UDAIPUR,2019-02-02,15380.0,280.72,289.74,285.05517169999996,1.5480021000000002,2.3963104,286.18,289.56,285.1,280.72,283.92,2019,2,2,74793,217764,2.9115558942681803
190,AJMER,2001-02-02,10511.0,276.38,287.38,281.42411760000005,1.5850938,2.5125222999999997,282.04,284.38,281.06,278.14,280.48,2001,2,2,34280,41829,1.2202158693115521
191,AJMER,2002-02-02,10552.0,277.78,285.56,280.73276160000006,1.3136508999999998,1.7256787,281.38,283.78,280.48,277.78,279.78,2002,2,2,41551,75770,1.8235421530167744
192,AJMER,2003-02-02,10250.0,276.36,287.16,282.74957850000004,1.1573648,1.3394932,283.38,285.36,282.7,280.08,282.06,2003,2,2,11244,23077,2.0523834934187124
193,AJMER,2004-02-02,10552.0,277.56,286.42,281.3023711,1.3506506999999999,1.8242572,281.76,283.68,280.98,278.56,280.48,2004,2,2,21595,42225,1.9553137300301
194,AJMER,2005-02-02,10552.0,277.38,290.58,283.6292002,1.5970337,2.5505167,284.78,288.26,283.74,279.0,282.46,2005,2,2,25457,52533,2.0635974388183995
195,AJMER,2006-02-02,10541.0,281.38,291.48,286.04085380000004,1.4132158000000001,1.9971788000000001,286.6,288.82,285.7,282.9,285.12,2006,2,2,23544,31307,1.3297230716955488
196,AJMER,2007-02-02,10552.0,281.62,293.0,286.8319049,1.2220421000000001,1.4933868000000001,287.48,289.6,286.76,283.94,286.06,2007,2,2,30011,84048,2.8005731231881645
197,AJMER,2008-02-02,10520.0,275.3,284.4,279.3974144,0.9798073,0.9600223,279.94,281.7,279.38,277.0,278.76,2008,2,2,21909,52373,2.3904787986672145
198,AJMER,2009-02-02,10508.0,279.5,289.96,286.0336087,1.0896742,1.1873898,286.56,288.48,285.82,283.38,285.28,2009,2,2,16605,37499,2.258295694068052
199,AJMER,2010-02-02,10550.0,280.54,289.24,284.8495299,1.1638137,1.3544623,285.34,287.04,284.64,282.5,284.2,2010,2,2,8761,21653,2.4715215158086976
200,AJMER,2011-02-02,10552.0,282.42,290.22,285.6368764,1.206212,1.4549473,286.16,288.16,285.38,282.82,284.82,2011,2,2,64322,207905,3.2322533503311464
201,AJMER,2012-02-02,10551.0,276.52,287.58,280.96976589999997,1.2346377,1.5243301999999999,281.56,283.74,280.84,277.98,280.1,2012,2,2,46550,146725,3.151987110633727
202,AJMER,2013-02-02,10547.0,280.5,288.62,282.9663885,0.8866927,0.7862239000000001,283.4,284.96,282.76,280.82,282.36,2013,2,2,66027,219014,3.317036969724507
203,AJMER,2014-02-02,10552.0,280.98,292.06,285.17575439999996,1.1253443,1.2663999,285.7,287.5,284.98,282.7,284.5,2014,2,2,56000,193073,3.4477321428571432
204,AJMER,2015-02-02,10552.0,281.22,291.52,284.9753469,0.9849771999999999,0.9701801,285.48,287.16,284.85,282.68,284.36,2015,2,2,62442,131969,2.113465295794497
205,AJMER,2016-02-02,10544.0,278.32,289.22,283.12676400000004,1.2109918,1.4665011000000001,283.5,285.18,282.82,280.7,282.38,2016,2,2,42294,116787,2.761313661512271
206,AJMER,2017-02-02,10552.0,278.8,291.98,283.3805686,1.2568363,1.5796376,284.04,286.22,283.28,280.4,282.58,2017,2,2,55466,185014,3.3356290340028125
207,AJMER,2018-02-02,10552.0,279.36,288.56,283.4370735,1.3354671999999999,1.7834726000000003,283.96,285.82,283.28,280.86,282.72,2018,2,2,40328,128011,3.174246181313232
208,AJMER,2019-02-02,10552.0,278.66,287.88,282.47144810000003,1.3748205,1.8901314999999999,283.24,285.76,282.4,279.1,281.56,2019,2,2,34787,120782,3.4720441544255034
209,ALWAR,2001-02-02,10185.0,276.12,287.22,280.3333962,2.2565689,5.092103099999999,281.98,286.8,279.62,276.12,278.6,2001,2,2,202992,724108,3.5671750610861515
210,ALWAR,2002-02-02,10187.0,277.18,285.92,280.9784313,1.7602677,3.0985422000000002,282.42,285.92,280.7,277.18,279.58,2002,2,2,174090,529816,3.0433453960595096
211,ALWAR,2003-02-02,10134.0,277.28,286.82,282.6614565,1.5075463,2.2726959,283.88,286.82,282.64,279.16,281.36,2003,2,2,181459,571450,3.1491962371665223
212,ALWAR,2004-02-02,10187.0,276.66,286.52,281.01710810000003,1.7114015999999999,2.9288953999999996,282.24,285.92,280.46,276.66,279.74,2004,2,2,188108,648794,3.4490505454313483
213,ALWAR,2005-02-02,10187.0,279.76,287.48,283.6605752,1.1313086,1.2798592,284.44,286.6,283.56,280.8,282.98,2005,2,2,157411,511753,3.2510625051616473
214,ALWAR,2006-02-02,10187.0,281.3,291.18,285.2317935,2.1164169,4.479220400000001,286.8,291.18,284.58,281.3,283.64,2006,2,2,159468,492657,3.089378433290692
215,ALWAR,2007-02-02,10173.0,278.66,289.46,285.2780163,1.7524905,3.0712227999999997,286.56,289.46,285.22,280.68,284.2,2007,2,2,180515,641964,3.55629172090962
216,ALWAR,2008-02-02,10187.0,275.26,284.52,280.40221460000004,1.3471733,1.8148758000000003,281.38,284.36,280.5,276.5,279.38,2008,2,2,191440,669054,3.4948495612202257
217,ALWAR,2009-02-02,10187.0,281.44,289.7,284.4325709,1.6317733,2.6626842,285.7,289.54,284.0,281.44,283.14,2009,2,2,170172,688076,4.043414897868041
218,ALWAR,2010-02-02,10187.0,280.38,289.0,283.8013861,1.5491977,2.4000135,284.86,288.18,283.48,280.38,282.64,2010,2,2,192800,722874,3.7493464730290467
219,ALWAR,2011-02-02,10187.0,281.26,289.36,284.2424816,1.410366,1.9891322,285.26,288.28,283.82,281.26,283.24,2011,2,2,193992,816059,4.206663161367478
220,ALWAR,2012-02-02,10187.0,274.36,285.82,280.38611960000003,1.5889756000000002,2.5248432999999997,281.5,284.82,280.24,276.02,279.28,2012,2,2,185167,727380,3.9282377529473393
221,ALWAR,2013-02-02,10187.0,279.16,286.88,282.4098105,1.1040372999999999,1.2188983,283.2,285.62,282.34,279.16,281.58,2013,2,2,204967,837412,4.085594266394104
222,ALWAR,2014-02-02,10187.0,280.76,287.8,284.07664669999997,1.2783195,1.6341006999999999,285.04,287.8,284.12,280.76,283.1,2014,2,2,208206,825344,3.964074042054504
223,ALWAR,2015-02-02,10187.0,279.92,287.64,282.95708060000004,1.3886763,1.9284218999999998,284.02,287.12,282.84,279.92,281.86,2015,2,2,219063,757957,3.459995526401081
224,ALWAR,2016-02-02,10187.0,277.76,287.72,282.1938019,1.7416984,3.0335132999999996,283.47,287.26,281.9,277.76,280.9,2016,2,2,213011,776427,3.645008943200117
225,ALWAR,2017-02-02,10187.0,281.58,288.94,284.4955473,1.1020747,1.2145687,285.34,287.82,284.4,281.58,283.68,2017,2,2,215678,941457,4.365104461280241
226,ALWAR,2018-02-02,10187.0,277.68,288.34,281.99974080000004,1.9925851000000003,3.9703955,283.5,288.34,281.82,277.68,280.26,2018,2,2,203829,875183,4.293711885943609
227,ALWAR,2019-02-02,10187.0,278.58,286.36,281.7792795,1.2670181999999999,1.605335,282.74,285.56,281.72,278.58,280.84,2019,2,2,192419,883624,4.592186842255702
228,BANSWARA,2001-02-02,6085.0,282.72,291.28,286.574968,1.2730242,1.6205907,287.44,289.98,286.58,283.14,285.72,2001,2,2,35623,49590,1.3920781517558878
229,BANSWARA,2002-02-02,6156.0,283.06,290.36,286.68902860000003,1.0706876,1.1463718,287.42,289.48,286.74,283.98,286.04,2002,2,2,55509,111895,2.0157992397629214
230,BANSWARA,2003-02-02,6157.0,286.12,291.66,289.53410099999996,0.7774005999999999,0.6043516,290.08,291.54,289.64,287.48,289.04,2003,2,2,49390,73141,1.4808868191941689
231,BANSWARA,2004-02-02,6157.0,281.84,292.14,285.4037453,1.4200688999999997,2.0165957,286.1,288.5,285.24,282.12,284.5,2004,2,2,69513,140615,2.0228590335620678
232,BANSWARA,2005-02-02,6157.0,283.9,292.16,288.1870489,1.0693428,1.143494,288.8,290.72,288.12,285.62,287.52,2005,2,2,77545,160663,2.071867947643304
233,BANSWARA,2006-02-02,6157.0,286.2,293.64,289.6321878,1.2098263,1.4636797,290.42,292.84,289.48,286.38,288.8,2006,2,2,82190,162053,1.9716875532303202
234,BANSWARA,2007-02-02,6157.0,287.78,294.36,290.6886536,0.9765851999999999,0.9537187,291.3,293.16,290.64,288.22,290.06,2007,2,2,85835,160011,1.8641696277742181
235,BANSWARA,2008-02-02,6157.0,280.04,290.08,283.0257723,1.1895415,1.415009,283.44,285.08,282.86,280.7,282.34,2008,2,2,90801,183398,2.01977951784672
236,BANSWARA,2009-02-02,6156.0,285.64,293.06,288.90754060000006,1.1184103,1.2508417,289.66,291.86,288.9,285.96,288.18,2009,2,2,76116,118511,1.5569788217983078
237,BANSWARA,2010-02-02,6157.0,286.32,292.38,289.357999,1.0077026,1.0154644,290.04,292.06,289.36,286.66,288.68,2010,2,2,80466,161762,2.010314915616534
238,BANSWARA,2011-02-02,6157.0,286.52,292.74,289.5893974,0.9602575000000001,0.9220944999999999,290.22,292.12,289.56,287.02,288.94,2011,2,2,86052,176322,2.0490168735183376
239,BANSWARA,2012-02-02,6157.0,283.06,291.76,286.1569336,1.1575476,1.3399165000000002,286.76,288.8,286.0,283.38,285.4,2012,2,2,87177,203751,2.337210502770226
240,BANSWARA,2013-02-02,6157.0,285.72,292.32,288.2060939,0.8903397,0.7927048000000001,288.72,290.4,288.1,286.12,287.6,2013,2,2,87975,186789,2.123205456095482
241,BANSWARA,2014-02-02,6157.0,286.22,293.68,289.0436999,1.0351347,1.0715038000000001,289.56,291.3,289.02,286.66,288.4,2014,2,2,89620,202260,2.2568623075206427
242,BANSWARA,2015-02-02,6157.0,286.44,292.5,289.3428098,0.8460890999999999,0.7158668,289.9,291.64,289.28,287.02,288.74,2015,2,2,88181,195462,2.216599947834568
243,BANSWARA,2016-02-02,6156.0,284.0,292.68,287.4958577,1.2172635,1.4817305,288.24,290.64,287.32,284.32,286.64,2016,2,2,84533,170917,2.0218967740409077
244,BANSWARA,2017-02-02,6157.0,283.9,292.64,287.00248819999996,1.2005378999999998,1.4412912,287.62,289.7,286.86,284.12,286.22,2017,2,2,82693,168950,2.0430991740534266
245,BANSWARA,2018-02-02,6157.0,285.44,292.8,287.92952410000004,1.0769897,1.1599068000000001,288.52,290.52,287.74,285.44,287.18,2018,2,2,87368,205912,2.3568354546286967
246,BANSWARA,2019-02-02,6157.0,285.04,291.7,287.60855610000004,0.8785233,0.7718031999999999,288.1,289.68,287.54,285.4,287.02,2019,2,2,101344,259066,2.5563032838648563
247,BARAN,2001-02-02,8381.0,279.08,286.9,282.338573,1.5499252000000001,2.4022681,283.46,286.9,282.28,279.08,281.04,2001,2,2,89194,186595,2.0920129156669733
248,BARAN,2002-02-02,8381.0,281.14,286.94,283.7590813,1.4065858999999998,1.978484,284.94,286.94,283.86,281.14,282.38,2002,2,2,67650,211353,3.1242128603104216
249,BARAN,2003-02-02,8357.0,284.76,289.4,286.7244992,1.0062121,1.0124628,287.42,289.4,286.68,284.76,285.92,2003,2,2,39064,121097,3.0999641613762035
250,BARAN,2004-02-02,8381.0,279.26,286.52,282.1735091,1.5374652,2.3637992999999997,283.38,286.52,282.06,279.26,280.78,2004,2,2,55314,132471,2.394890986007159
251,BARAN,2005-02-02,8381.0,281.14,290.26,285.8135664,1.3364953000000002,1.7862196,286.82,289.94,285.82,281.84,284.7,2005,2,2,55154,156111,2.8304565398701818
252,BARAN,2006-02-02,8381.0,283.72,290.06,286.2029018,1.3809741000000002,1.9070894,287.3,290.06,286.12,283.72,285.0,2006,2,2,65062,199521,3.0666287541114627
253,BARAN,2007-02-02,8381.0,284.9,291.68,288.14358910000004,1.2783512,1.6341816999999998,289.06,291.68,288.1,284.9,287.06,2007,2,2,85963,311235,3.620569314705164
254,BARAN,2008-02-02,8381.0,279.22,285.46,281.7371937,1.2237452,1.4975522,282.66,285.46,281.64,279.22,280.72,2008,2,2,106699,350036,3.280593070225588
255,BARAN,2009-02-02,8381.0,283.6,290.06,286.5113686,1.4203298,2.0173367,287.64,290.06,286.52,283.6,285.2,2009,2,2,95802,346163,3.61331704974844
256,BARAN,2010-02-02,8381.0,282.38,289.72,285.6613316,1.5220798999999998,2.3167272999999997,286.86,289.72,285.64,282.38,284.4,2010,2,2,105609,397171,3.760768495109319
257,BARAN,2011-02-02,8381.0,284.48,290.16,286.81798829999997,1.2753083,1.6264112,287.84,290.16,286.76,284.48,285.66,2011,2,2,147930,514045,3.4749205705401205
258,BARAN,2012-02-02,8381.0,280.9,286.62,283.01622480000003,1.1528447,1.329051,283.88,286.62,282.9,280.9,282.02,2012,2,2,142589,543296,3.8102237900539313
259,BARAN,2013-02-02,8381.0,281.06,288.14,284.29992599999997,1.1018966000000001,1.2141761,285.18,287.88,284.34,281.06,283.32,2013,2,2,167037,730536,4.37349808725013
260,BARAN,2014-02-02,8381.0,284.26,290.06,286.9208662,1.068992,1.142744,287.68,290.06,286.8,284.26,286.02,2014,2,2,162852,551485,3.3864183430353942
261,BARAN,2015-02-02,8381.0,282.92,289.42,286.24302589999996,0.9993126,0.9986257,286.98,289.32,286.18,283.48,285.42,2015,2,2,174319,667888,3.8314125253127886
262,BARAN,2016-02-02,8381.0,282.28,288.12,284.415497,1.1746521,1.3798076000000001,285.3,288.12,284.3,282.28,283.4,2016,2,2,159434,670807,4.2074275248692246
263,BARAN,2017-02-02,8381.0,281.34,290.02,286.1017611,1.4871377000000001,2.2115785,287.24,290.02,286.24,281.9,285.1,2017,2,2,163267,740053,4.5327775974324265
264,BARAN,2018-02-02,8381.0,283.08,288.98,285.5781625,1.2777551,1.632658,286.64,288.98,285.5,283.08,284.42,2018,2,2,115747,535052,4.622599289830406
265,BARAN,2019-02-02,8381.0,279.84,287.08,283.5554755,1.1891040000000002,1.4139683,284.38,286.72,283.6,280.34,282.76,2019,2,2,145939,724978,4.967678276540198
266,BARMER,2001-02-02,33732.0,275.88,290.94,280.3233327,1.4309388,2.047586,280.82,282.76,280.16,277.58,279.52,2001,2,2,15363,36898,2.40174445095359
267,BARMER,2002-02-02,33725.0,277.06,289.04,280.9632777,1.2026364999999999,1.4463346000000001,281.56,283.62,280.78,278.16,280.18,2002,2,2,12344,34477,2.7930168502916395
268,BARMER,2003-02-02,33660.0,278.6,291.14,282.1911414,1.4127377,1.9958278999999999,282.94,285.42,281.98,278.8,281.28,2003,2,2,15840,42911,2.7090277777777776
269,BARMER,2004-02-02,33728.0,278.6,289.8,281.91569080000005,1.1578148000000001,1.3405351,282.28,283.78,281.76,279.78,281.28,2004,2,2,13124,20140,1.5345931118561411
270,BARMER,2005-02-02,33724.0,274.84,295.04,283.5537546,1.8961651000000002,3.5954421,284.72,288.26,283.58,278.82,282.36,2005,2,2,12389,23465,1.89401888772298
271,BARMER,2006-02-02,33651.0,282.02,294.46,286.71423910000004,1.2472784,1.5557034,287.2,289.0,286.6,284.2,286.0,2006,2,2,12158,10900,0.8965290343806547
272,BARMER,2007-02-02,33734.0,282.5,295.64,286.46882789999995,1.3889697,1.9292367,287.18,289.66,286.28,283.04,285.52,2007,2,2,18400,29406,1.5981521739130435
273,BARMER,2008-02-02,33719.0,275.44,290.7,278.8887749,1.2529451999999999,1.5698717,279.42,281.28,278.76,276.32,278.18,2008,2,2,13813,22050,1.5963223050749291
274,BARMER,2009-02-02,33713.0,282.78,293.64,285.89928510000004,1.0699379,1.144767,286.26,287.7,285.74,283.86,285.3,2009,2,2,11467,9986,0.8708467777099503
275,BARMER,2010-02-02,33739.0,276.14,292.88,284.24731380000003,1.6135424999999999,2.6035194,285.34,288.66,284.42,279.8,283.12,2010,2,2,15200,23127,1.5215131578947367
276,BARMER,2011-02-02,33732.0,281.7,293.18,286.0068048,1.2352781000000002,1.5259120000000002,286.58,288.5,285.92,283.38,285.3,2011,2,2,16732,24526,1.4658140090843892
277,BARMER,2012-02-02,33745.0,277.04,288.48,280.2034956,1.3461973999999999,1.8122473999999997,280.84,283.14,280.04,277.04,279.3,2012,2,2,11659,14405,1.2355262029333562
278,BARMER,2013-02-02,33745.0,279.08,290.7,283.141752,1.0379072,1.0772514,283.68,285.44,283.08,280.74,282.5,2013,2,2,12613,17137,1.358677554903671
279,BARMER,2014-02-02,33702.0,280.1,294.0,285.5264097,1.1955639,1.429373,286.08,287.96,285.4,282.94,284.82,2014,2,2,14020,20346,1.4512125534950069
280,BARMER,2015-02-02,33745.0,279.08,294.06,284.9128244,1.2204966,1.4896120000000002,285.48,287.4,284.8,282.28,284.2,2015,2,2,13525,14091,1.0418484288354901
281,BARMER,2016-02-02,33729.0,280.04,291.32,282.9107285,1.1483778,1.3187715,283.22,284.62,282.74,280.88,282.28,2016,2,2,14642,20510,1.4007649228247507
282,BARMER,2017-02-02,33738.0,277.34,291.8,283.107148,1.5907705,2.5305507,284.04,287.1,282.98,278.94,282.0,2017,2,2,17612,21638,1.2285941403588465
283,BARMER,2018-02-02,33745.0,281.16,291.46,283.737698,1.1941971000000002,1.4261066,284.2,286.0,283.54,281.22,283.0,2018,2,2,14541,21974,1.5111752974348394
284,BARMER,2019-02-02,33732.0,278.08,291.02,282.3057613,1.1363711,1.2913392,282.82,284.7,282.12,279.68,281.56,2019,2,2,16188,27939,1.7259080800593032
285,BHARATPUR,2001-02-02,6305.0,275.96,285.42,280.0745282,1.2930171,1.6718932,280.2,281.48,279.68,278.1,279.34,2001,2,2,171639,605340,3.5268208274343245
286,BHARATPUR,2002-02-02,6305.0,278.64,285.24,280.994433,1.1905051000000002,1.4173023999999999,281.3,282.82,280.6,278.76,280.28,2002,2,2,139114,473505,3.4037192518366237
287,BHARATPUR,2003-02-02,6303.0,281.7,286.72,283.2826686,1.0005277,1.0010557,283.64,285.22,282.94,281.7,282.58,2003,2,2,143611,472145,3.287665986588771
288,BHARATPUR,2004-02-02,6305.0,279.12,285.52,280.667521,1.1950611999999998,1.4281714,280.86,282.24,280.22,279.12,279.94,2004,2,2,142184,535114,3.7635317616609454
289,BHARATPUR,2005-02-02,6305.0,277.84,287.28,283.0152895,1.1317532,1.2808653,283.54,285.24,282.82,280.7,282.4,2005,2,2,111319,324549,2.9154861254592657
290,BHARATPUR,2006-02-02,6305.0,282.24,290.22,284.74047260000003,1.3050743999999999,1.7032191000000003,284.88,286.22,284.28,282.68,283.98,2006,2,2,119191,446796,3.7485716203404618
291,BHARATPUR,2007-02-02,6305.0,281.42,288.84,285.006839,1.0015429,1.0030881,285.44,287.06,284.84,282.74,284.36,2007,2,2,147831,491178,3.3225642794813
292,BHARATPUR,2008-02-02,6304.0,278.42,284.52,280.78401329999997,0.8978379999999999,0.8061130999999999,281.06,282.28,280.6,279.04,280.24,2008,2,2,157414,522525,3.3194315626310242
293,BHARATPUR,2009-02-02,6305.0,282.16,289.2,284.0419001,1.2903785,1.6650767,284.28,285.84,283.6,282.16,283.24,2009,2,2,133758,551718,4.12474767864352
294,BHARATPUR,2010-02-02,6305.0,280.82,287.9,283.6876003,0.8944009,0.7999529000000001,283.9,284.94,283.48,282.16,283.2,2010,2,2,160732,630274,3.9212726775004354
295,BHARATPUR,2011-02-02,6305.0,281.2,288.68,283.94404760000003,1.3298651000000001,1.7685413,284.36,286.28,283.56,281.2,283.08,2011,2,2,157196,704731,4.4831357031985535
296,BHARATPUR,2012-02-02,6305.0,278.86,285.9,280.68133860000006,1.1099988,1.2320973,280.88,282.2,280.34,278.86,280.0,2012,2,2,155304,668993,4.307635347447587
297,BHARATPUR,2013-02-02,6305.0,280.68,286.86,283.1639492,0.9622231,0.9258734000000001,283.6,285.3,283.08,280.78,282.46,2013,2,2,134784,588118,4.36341108736942
298,BHARATPUR,2014-02-02,6305.0,281.96,288.3,284.8176558,0.9934671999999999,0.9869771,285.16,286.3,284.72,283.26,284.4,2014,2,2,155130,668117,4.306820086379166
299,BHARATPUR,2015-02-02,6305.0,281.42,287.48,283.4515496,0.9690264000000001,0.9390120999999999,283.74,285.12,283.18,281.48,282.82,2015,2,2,165751,604169,3.6450398489300215
300,BHARATPUR,2016-02-02,6305.0,279.32,286.76,281.8160825,1.1369493999999998,1.2926540000000002,282.08,283.54,281.5,279.86,281.1,2016,2,2,160073,610124,3.8115359867060654
301,BHARATPUR,2017-02-02,6305.0,280.94,288.54,284.03430610000004,1.1287717,1.2741255,284.36,285.74,283.88,282.06,283.44,2017,2,2,160510,713881,4.4475795900566935
302,BHARATPUR,2018-02-02,6305.0,279.24,287.34,282.248977,1.3336278,1.7785630000000001,282.44,283.9,281.9,280.0,281.46,2018,2,2,156374,661118,4.22780001790579
303,BHARATPUR,2019-02-02,6305.0,278.52,286.48,282.065548,0.8562171999999999,0.7331078000000001,282.3,283.4,281.9,280.46,281.56,2019,2,2,142726,675635,4.733790619788966
304,BHILWARA,2001-02-02,12590.0,277.7,287.0,282.1482828,1.3098869,1.7158038,282.76,284.98,281.84,279.08,281.28,2001,2,2,50381,95371,1.892995375240666
305,BHILWARA,2002-02-02,12647.0,278.54,285.72,281.59801380000005,1.1919381000000002,1.4207163999999999,282.2,284.26,281.36,278.76,280.82,2002,2,2,87685,193310,2.2045959970348408
306,BHILWARA,2003-02-02,12253.0,268.24,287.82,283.8898066,1.2849423999999998,1.6510769,284.82,287.42,283.7,280.26,282.92,2003,2,2,24416,50783,2.079906618610747
307,BHILWARA,2004-02-02,12647.0,277.9,288.44,281.8284573,1.1817577,1.3965511999999998,282.32,284.12,281.56,279.32,281.12,2004,2,2,46401,76846,1.6561281006874853
308,BHILWARA,2005-02-02,12647.0,279.82,288.9,284.9170143,1.1397087,1.2989358,285.54,287.58,284.78,282.14,284.18,2005,2,2,83389,215568,2.585089160440825
309,BHILWARA,2006-02-02,12647.0,281.84,291.28,286.41916499999996,1.1239018,1.2631553,286.96,288.88,286.22,283.76,285.68,2006,2,2,55997,118408,2.1145418504562743
310,BHILWARA,2007-02-02,12647.0,282.3,291.58,287.2276224,1.0257682,1.0522004999999999,287.68,289.3,287.1,284.98,286.6,2007,2,2,123813,389584,3.146551654511238
311,BHILWARA,2008-02-02,12646.0,276.98,284.54,280.0567152,1.1507450000000001,1.3242139,280.64,282.74,279.74,277.34,279.24,2008,2,2,81579,193729,2.3747410485541622
312,BHILWARA,2009-02-02,12614.0,283.32,290.34,286.4051419,1.0069529000000002,1.0139542,286.86,288.54,286.22,284.06,285.74,2009,2,2,54375,143160,2.6328275862068966
313,BHILWARA,2010-02-02,12647.0,282.16,289.3,285.2035265,1.1001158000000002,1.2102547,285.68,287.44,284.98,282.74,284.5,2010,2,2,38384,103366,2.6929449770737808
314,BHILWARA,2011-02-02,12647.0,283.98,290.26,286.51944019999996,1.0180050999999999,1.0363344,286.94,288.56,286.3,284.28,285.86,2011,2,2,118780,307983,2.592886007745412
315,BHILWARA,2012-02-02,12647.0,278.24,286.18,281.75095439999996,1.1219758999999998,1.25883,282.28,284.22,281.58,279.04,280.98,2012,2,2,109581,318262,2.904353856964254
316,BHILWARA,2013-02-02,12647.0,280.74,287.26,283.4053341,0.932486,0.8695301,283.84,285.42,283.22,281.24,282.78,2013,2,2,121786,413835,3.3980506790599905
317,BHILWARA,2014-02-02,12647.0,283.42,290.34,285.9842176,0.8442523999999999,0.7127621999999999,286.38,287.78,285.9,284.04,285.44,2014,2,2,124466,448391,3.6025179567110697
318,BHILWARA,2015-02-02,12647.0,281.3,288.46,285.23873960000003,0.7676706,0.5893182,285.58,286.84,285.12,283.48,284.74,2015,2,2,137224,281870,2.0540867486737016
319,BHILWARA,2016-02-02,12646.0,281.34,287.7,283.7333307,0.9776878000000001,0.9558734,284.08,285.54,283.5,281.64,283.1,2016,2,2,89640,274281,3.0598058902275764
320,BHILWARA,2017-02-02,12647.0,279.94,290.56,284.1115348,1.298925,1.6872061999999999,284.84,287.28,283.98,280.78,283.21,2017,2,2,139795,503063,3.5985764869988195
321,BHILWARA,2018-02-02,12647.0,281.42,288.4,284.4006705,1.0657248,1.1357694,284.8,286.38,284.16,282.16,283.74,2018,2,2,102802,341133,3.3183498375517986
322,BHILWARA,2019-02-02,12647.0,279.36,287.14,283.210752,0.9815676,0.963475,283.78,285.46,283.16,280.98,282.66,2019,2,2,91237,340531,3.732378311430669
323,BIKANER,2001-02-02,32169.0,273.78,286.96,280.0770674,1.5364096999999999,2.3605547000000002,281.34,285.14,280.14,275.02,278.8,2001,2,2,44656,49099,1.0994939089931923
324,BIKANER,2002-02-02,32169.0,273.58,284.02,278.5308794,0.9660295,0.933213,279.28,281.58,278.56,275.44,277.74,2002,2,2,44077,77209,1.7516845520339406
325,BIKANER,2003-02-02,32164.0,277.98,286.14,281.5521894,1.3357212,1.7841512,282.64,285.58,281.4,277.98,280.52,2003,2,2,30794,50307,1.6336624017665782
326,BIKANER,2004-02-02,32175.0,277.12,286.1,280.2321498,1.306702,1.7074702000000002,281.38,284.6,280.06,277.12,279.18,2004,2,2,35986,83088,2.3088979047407325
327,BIKANER,2005-02-02,32173.0,275.04,287.22,282.3292083,1.4455437,2.0895966,283.36,286.08,282.38,278.82,281.54,2005,2,2,34880,73466,2.10625
328,BIKANER,2006-02-02,32167.0,279.92,291.3,285.1395256,1.5708283,2.4675016,286.64,290.74,284.86,279.92,283.9,2006,2,2,50162,93503,1.8640205733423707
329,BIKANER,2007-02-02,32166.0,276.96,290.64,285.5395418,1.7454988999999999,3.0467665,287.12,290.64,285.48,279.88,284.22,2007,2,2,52898,138027,2.6093046996105707
330,BIKANER,2008-02-02,32170.0,273.88,282.56,277.4496668,1.1254376,1.2666098999999997,278.38,281.06,277.37,273.88,276.58,2008,2,2,51684,72545,1.4036258803498178
331,BIKANER,2009-02-02,32175.0,277.42,289.36,284.0679919,1.1994868,1.4387686000000002,285.12,288.14,283.82,280.2,283.08,2009,2,2,58932,141123,2.394675218896355
332,BIKANER,2010-02-02,32173.0,276.48,289.04,282.7501837,1.8007293000000002,3.2426258,284.16,288.16,282.76,277.46,281.48,2010,2,2,55947,98721,1.7645450158185425
333,BIKANER,2011-02-02,32174.0,278.68,288.7,284.12456460000004,1.536438,2.3606416,285.5,288.7,283.98,279.02,282.9,2011,2,2,79123,233437,2.9503052209850487
334,BIKANER,2012-02-02,32176.0,273.5,284.4,278.00403470000003,1.3168961000000001,1.7342153999999999,279.02,281.78,278.0,274.42,277.18,2012,2,2,84175,209882,2.4934006534006534
335,BIKANER,2013-02-02,32175.0,278.66,286.84,282.885388,1.250293,1.5632325,283.92,286.84,282.82,279.08,281.96,2013,2,2,94731,230363,2.4317594029409597
336,BIKANER,2014-02-02,32174.0,277.74,288.4,282.4424305,1.5702473,2.4656766,283.56,286.76,282.44,278.22,281.42,2014,2,2,116365,287266,2.4686632578524472
337,BIKANER,2015-02-02,32176.0,279.1,288.5,283.84193189999996,1.2688635,1.6100146,284.78,287.56,283.74,280.14,282.92,2015,2,2,120347,242416,2.0143086242282733
338,BIKANER,2016-02-02,32174.0,277.94,288.24,282.3074141,1.3435583,1.8051488000000002,283.4,286.54,282.24,278.22,281.3,2016,2,2,114460,282005,2.4637864756246723
339,BIKANER,2017-02-02,32160.0,277.46,287.42,282.3751648,1.5443087,2.3848892999999998,283.54,286.96,282.38,278.1,281.22,2017,2,2,113183,282654,2.4973185018951614
340,BIKANER,2018-02-02,32173.0,277.6,288.1,281.14425819999997,1.3129346000000002,1.7237973000000002,282.18,285.32,281.1,277.6,280.08,2018,2,2,108299,271413,2.506145024423125
341,BIKANER,2019-02-02,32177.0,275.0,285.2,280.5728955,1.1486023,1.3192872,281.5,284.2,280.56,277.14,279.7,2019,2,2,105603,287989,2.7270910864274693
342,BUNDI,2001-02-02,6811.0,279.5,288.18,282.67067389999994,1.9798858,3.9199477,284.44,288.18,282.14,279.5,280.98,2001,2,2,103745,259176,2.498202323003518
343,BUNDI,2002-02-02,6811.0,279.18,287.56,282.54466010000004,1.6704261000000002,2.7903234,283.86,287.56,282.18,279.18,281.2,2002,2,2,105005,307114,2.9247559640017142
344,BUNDI,2003-02-02,6706.0,282.88,289.26,285.6270922,1.0680457,1.1407216999999998,286.4,288.8,285.42,282.88,284.8,2003,2,2,65862,161579,2.4532962861741217
345,BUNDI,2004-02-02,6811.0,279.38,287.74,282.364663,1.7709641999999999,3.1363142999999996,283.78,287.74,281.74,279.38,280.92,2004,2,2,102994,264088,2.564110530710527
346,BUNDI,2005-02-02,6811.0,280.84,290.68,285.7409514,1.4607529,2.1337989,286.74,289.92,285.62,281.68,284.6,2005,2,2,81202,266007,3.2758675894682403
347,BUNDI,2006-02-02,6811.0,282.66,291.86,286.8111702,1.7333661,3.0045579,288.18,291.86,286.32,282.66,285.4,2006,2,2,94861,287769,3.03358598370247
348,BUNDI,2007-02-02,6811.0,284.74,292.54,288.14626630000004,1.4570123,2.1228848,289.3,292.54,287.8,284.74,286.93,2007,2,2,111575,405515,3.634461124803944
349,BUNDI,2008-02-02,6811.0,279.06,285.94,281.98823960000004,1.4278545,2.0387685,283.18,285.94,281.68,279.06,280.86,2008,2,2,129893,458279,3.5281269968358573
350,BUNDI,2009-02-02,6811.0,283.28,291.36,286.5963118,1.5124045,2.2873673,287.78,291.36,286.12,283.28,285.36,2009,2,2,117809,429814,3.6483969815548902
351,BUNDI,2010-02-02,6811.0,281.02,290.5,285.35126119999995,1.8350400000000002,3.3673717000000005,287.02,290.5,284.82,281.02,283.82,2010,2,2,107862,366088,3.3940405332739982
352,BUNDI,2011-02-02,6811.0,283.92,290.94,286.70619289999996,1.5221136999999998,2.3168301,288.04,290.94,286.26,283.92,285.5,2011,2,2,150244,570970,3.8002848699448895
353,BUNDI,2012-02-02,6811.0,279.96,287.12,282.5766055,1.4039052,1.9709497,283.72,286.74,282.14,279.96,281.46,2012,2,2,155833,707009,4.536965854472416
354,BUNDI,2013-02-02,6811.0,280.98,288.74,284.3115313,1.2978898,1.6845179,285.28,288.1,283.92,280.98,283.3,2013,2,2,154109,678060,4.399872817291658
355,BUNDI,2014-02-02,6811.0,283.5,290.46,286.35091760000006,1.2557200000000002,1.5768327,287.28,290.06,286.1,283.5,285.38,2014,2,2,160285,607915,3.7927129800043673
356,BUNDI,2015-02-02,6811.0,283.18,289.7,285.7733637,1.2543897,1.5734934999999999,286.7,289.48,285.48,283.18,284.74,2015,2,2,172991,368763,2.13168893179414
357,BUNDI,2016-02-02,6811.0,281.12,288.82,284.1644193,1.473034,2.1698291000000003,285.32,288.56,283.68,281.12,283.06,2016,2,2,154914,646200,4.171346682675549
358,BUNDI,2017-02-02,6811.0,282.24,290.98,285.7999178,1.3665751,1.8675276,286.78,289.8,285.52,282.24,284.74,2017,2,2,162248,705978,4.351227750110941
359,BUNDI,2018-02-02,6811.0,281.56,289.8,284.9680664,1.4757023,2.1776972000000003,286.08,289.24,284.5,281.56,283.92,2018,2,2,146747,605429,4.125665260618615
360,BUNDI,2019-02-02,6811.0,279.68,287.98,283.8196359,1.3813858,1.9082268,284.86,287.98,283.72,279.68,282.78,2019,2,2,147557,658540,4.462953299402941
361,CHURU,2001-02-02,20420.0,274.28,282.96,277.63290789999996,0.6170119000000001,0.38070370000000003,277.96,279.04,277.6,276.16,277.24,2001,2,2,17615,42306,2.4017030939540165
362,CHURU,2002-02-02,20451.0,275.02,281.64,277.1580588,0.6199915,0.3843895,277.48,278.4,277.16,275.94,276.86,2002,2,2,11001,30726,2.7930188164712297
363,CHURU,2003-02-02,20435.0,277.2,283.58,280.52362420000003,0.5601253,0.31374040000000003,280.9,281.98,280.56,279.1,280.18,2003,2,2,12191,33026,2.7090476581084406
364,CHURU,2004-02-02,20453.0,275.26,284.98,278.7007999,0.7079721,0.5012245,279.24,280.82,278.64,276.66,278.18,2004,2,2,11469,32044,2.7939663440578952
365,CHURU,2005-02-02,20460.0,272.12,286.26,280.8253871,1.3095794,1.7149983,281.7,284.0,281.02,277.76,280.12,2005,2,2,13071,37107,2.8388799632774844
366,CHURU,2006-02-02,20459.0,278.82,288.04,282.82036560000006,0.7697305999999999,0.5924851,283.32,284.82,282.84,280.82,282.32,2006,2,2,16077,44397,2.7615226721403245
367,CHURU,2007-02-02,20380.0,270.68,288.76,283.4840599,1.2395488000000001,1.5364811999999999,284.26,286.3,283.6,280.86,282.9,2007,2,2,15743,26817,1.7034237438861717
368,CHURU,2008-02-02,20376.0,273.76,280.84,275.8101345,0.6800118,0.462416,276.28,277.8,275.74,273.76,275.26,2008,2,2,17651,22633,1.2822502974335732
369,CHURU,2009-02-02,20462.0,278.92,287.04,282.88642460000005,0.6805641,0.4631675,283.34,284.6,282.96,281.24,282.5,2009,2,2,17325,27853,1.6076767676767676
370,CHURU,2010-02-02,20459.0,272.56,286.36,280.79683860000006,1.2307844,1.5148303,281.6,284.08,280.78,277.46,279.94,2010,2,2,22674,42534,1.8758930934109552
371,CHURU,2011-02-02,20462.0,279.36,286.66,282.3996599,0.7806644,0.6094369000000001,282.94,284.52,282.4,280.3,281.88,2011,2,2,27504,64769,2.3548938336242
372,CHURU,2012-02-02,20462.0,273.36,281.86,277.29556349999996,0.9545428,0.9111520000000001,277.94,279.62,277.46,275.14,276.82,2012,2,2,24469,26110,1.0670644488945196
373,CHURU,2013-02-02,20462.0,277.2,284.24,280.9135901,0.6393924,0.4088226,281.3,282.44,280.94,279.4,280.54,2013,2,2,29668,62135,2.094344074423621
374,CHURU,2014-02-02,20462.0,276.62,286.32,281.0650034,1.2661919,1.6032419,282.0,284.36,281.1,278.06,280.42,2014,2,2,33368,69914,2.0952409494126107
375,CHURU,2015-02-02,20431.0,277.8,284.82,281.74490430000003,0.8022334,0.6435784000000001,282.32,284.02,281.7,279.48,281.18,2015,2,2,32072,51944,1.6196058867548018
376,CHURU,2016-02-02,20462.0,276.58,284.66,279.9453309,0.8003081999999999,0.6404932,280.46,281.98,280.0,277.92,279.44,2016,2,2,32861,74161,2.2568089832932654
377,CHURU,2017-02-02,20341.0,276.58,286.6,281.990499,1.2165612,1.4800212,282.92,285.52,282.08,278.52,281.16,2017,2,2,35143,71736,2.0412599948780694
378,CHURU,2018-02-02,20462.0,276.68,284.54,279.17999219999996,0.587611,0.3452867,279.46,280.36,279.18,277.96,278.86,2018,2,2,33489,73283,2.188270775478516
379,CHURU,2019-02-02,20460.0,274.76,283.8,278.86503230000005,0.8243806,0.6796034000000001,279.42,281.04,278.78,276.72,278.34,2019,2,2,33554,77768,2.3176968468736963
380,DAUSA,2001-02-02,4447.0,276.9,286.18,280.23154489999996,1.5209891000000002,2.3134078,280.54,282.36,279.8,277.52,279.32,2001,2,2,95200,270712,2.8436134453781516
381,DAUSA,2002-02-02,4490.0,277.92,285.28,281.4120267,1.2530538999999998,1.5701441999999999,282.0,284.16,281.16,278.4,280.56,2002,2,2,87432,291645,3.335678012626956
382,DAUSA,2003-02-02,3753.0,280.26,286.94,283.6393125,1.0280205,1.0568261,284.26,286.3,283.42,280.92,282.9,2003,2,2,82714,264936,3.2030369707667385
383,DAUSA,2004-02-02,4495.0,278.34,285.56,280.92352389999996,1.2421413000000001,1.5429151,281.24,282.82,280.54,278.62,280.18,2004,2,2,89144,281950,3.1628600915372878
384,DAUSA,2005-02-02,4495.0,279.98,286.64,283.66046719999997,1.0663112,1.1370195,284.36,286.5,283.5,280.78,282.92,2005,2,2,78802,196430,2.492703230882465
385,DAUSA,2006-02-02,4480.0,272.14,290.58,285.22761610000003,1.5619715,2.439755,285.74,287.84,284.78,282.38,284.34,2006,2,2,73006,249518,3.4177738815987726
386,DAUSA,2007-02-02,4490.0,282.48,290.18,286.9257105,1.2356171,1.5267496,287.755,290.18,286.94,283.58,286.08,2007,2,2,75948,196390,2.585848211934481
387,DAUSA,2008-02-02,4478.0,276.94,284.04,280.4644439,1.1782857,1.3883571000000001,281.12,283.36,280.36,277.56,279.62,2008,2,2,77470,223996,2.8913902155673163
388,DAUSA,2009-02-02,4494.0,281.86,289.34,285.0354517,1.298367,1.685757,285.64,287.98,284.74,281.86,284.08,2009,2,2,77365,245789,3.177005105667938
389,DAUSA,2010-02-02,4495.0,279.74,288.3,283.9732725,1.1483152,1.3186278,284.42,286.16,283.76,281.56,283.26,2010,2,2,83956,291788,3.4754871599409216
390,DAUSA,2011-02-02,4495.0,281.92,288.1,284.3419978,1.073484,1.1523678999999998,284.76,286.42,284.14,282.26,283.65,2011,2,2,94455,335173,3.5484939918479705
391,DAUSA,2012-02-02,4495.0,279.02,285.1,280.8882937,1.0568436,1.1169183999999999,281.3,282.98,280.58,279.02,280.18,2012,2,2,87883,331343,3.7702741144476177
392,DAUSA,2013-02-02,4495.0,279.4,286.22,283.0526986,1.0536768,1.1102348,283.68,285.68,283.06,280.34,282.34,2013,2,2,91312,338857,3.7109799369195726
393,DAUSA,2014-02-02,4495.0,283.24,288.72,285.2055573,0.7167423,0.5137195999999999,285.54,286.76,285.1,283.5,284.72,2014,2,2,95716,355461,3.713705127669355
394,DAUSA,2015-02-02,4495.0,280.54,287.48,283.8035862,1.0463273000000002,1.0948008,284.4,286.34,283.64,281.24,283.1,2015,2,2,103644,373078,3.5996102041603955
395,DAUSA,2016-02-02,4466.0,279.48,286.76,282.6291043,1.2078282,1.458849,283.16,285.22,282.34,280.06,281.78,2016,2,2,99613,379886,3.8136187043859735
396,DAUSA,2017-02-02,4491.0,282.3,289.58,284.7549944,1.0285533000000002,1.0579219,285.36,287.36,284.68,282.3,284.02,2017,2,2,102485,418634,4.0848319266234085
397,DAUSA,2018-02-02,4458.0,279.08,287.56,282.6996231,1.4910153999999998,2.223127,283.3,285.6,282.44,279.54,281.76,2018,2,2,90546,390089,4.3081858944624845
398,DAUSA,2019-02-02,4495.0,277.96,285.58,281.94165519999996,1.0973198,1.2041108,282.66,284.76,281.94,279.12,281.24,2019,2,2,85773,371052,4.325976705956419
399,DUNGARPUR,2001-02-02,4549.0,283.54,289.74,286.62807210000005,0.9306587,0.8661255999999999,287.24,289.04,286.6,284.22,286.02,2001,2,2,10107,26750,2.6466805184525577
400,DUNGARPUR,2002-02-02,4643.0,284.08,289.38,286.60047810000003,0.7996285,0.6394058000000001,287.12,288.7,286.58,284.5,286.06,2002,2,2,23541,71315,3.029395522705068
401,DUNGARPUR,2003-02-02,4628.0,286.82,292.26,289.4996154,0.6717706999999999,0.4512758,289.96,291.3,289.5,287.72,289.06,2003,2,2,9536,17633,1.8490981543624159
402,DUNGARPUR,2004-02-02,4643.0,282.14,292.96,285.338221,1.1841058,1.4021066,285.9,287.76,285.26,282.8,284.66,2004,2,2,33573,72447,2.1578947368421053
403,DUNGARPUR,2005-02-02,4643.0,283.12,293.4,287.91959080000004,1.1194401000000003,1.2531462,288.58,290.48,287.94,285.38,287.3,2005,2,2,37821,80873,2.138309404828006
404,DUNGARPUR,2006-02-02,4641.0,287.62,295.0,289.9650162,0.9195661,0.8456017,290.52,292.28,289.9,287.62,289.34,2006,2,2,35622,57414,1.6117567795182752
405,DUNGARPUR,2007-02-02,4643.0,287.48,296.02,290.5783545,0.9509138,0.9042370999999999,291.14,292.88,290.5,288.24,289.98,2007,2,2,40855,71327,1.7458573002080529
406,DUNGARPUR,2008-02-02,4643.0,280.44,290.6,283.1273358,1.0327373,1.0665463,283.6,285.22,283.06,280.9,282.52,2008,2,2,41492,76137,1.8349802371541504
407,DUNGARPUR,2009-02-02,4566.0,285.9,294.24,289.1582611,0.9386064000000001,0.8809819,289.8,291.76,289.18,286.52,288.48,2009,2,2,18296,24530,1.340730214254482
408,DUNGARPUR,2010-02-02,4643.0,285.84,293.72,288.8218393,0.8697889999999999,0.7565329000000001,289.34,290.9,288.8,286.76,288.3,2010,2,2,36010,64072,1.7792835323521243
409,DUNGARPUR,2011-02-02,4643.0,286.56,293.5,289.38030150000003,0.8312591,0.6909918,289.88,291.44,289.36,287.26,288.83,2011,2,2,37334,58101,1.556248995553651
410,DUNGARPUR,2012-02-02,4643.0,282.84,292.16,286.0352014,0.9430649999999999,0.8893716,286.52,288.16,286.0,283.78,285.42,2012,2,2,45085,90785,2.0136409005212377
411,DUNGARPUR,2013-02-02,4643.0,283.6,292.64,287.09965539999996,1.0795663,1.1654634,287.72,289.58,287.16,284.62,286.48,2013,2,2,45749,78533,1.7166058274497804
412,DUNGARPUR,2014-02-02,4643.0,286.96,294.88,289.21204819999997,0.9109652,0.8298575999999999,289.62,291.06,289.18,287.22,288.66,2014,2,2,47474,90477,1.9058221342208368
413,DUNGARPUR,2015-02-02,4643.0,286.98,293.36,289.37825539999994,0.7183921999999999,0.5160872999999999,289.82,291.16,289.36,287.58,288.92,2015,2,2,46208,86772,1.8778566481994459
414,DUNGARPUR,2016-02-02,4643.0,284.0,291.5,287.0402585,0.950059,0.9026120000000001,287.64,289.46,286.98,284.62,286.42,2016,2,2,43949,79296,1.8042731347698469
415,DUNGARPUR,2017-02-02,4643.0,284.38,293.52,287.0845703,0.9985506,0.9971033000000001,287.7,289.58,287.02,284.66,286.44,2017,2,2,46988,97791,2.081190942368264
416,DUNGARPUR,2018-02-02,4643.0,285.46,293.7,287.89563639999994,0.887883,0.7883361999999999,288.4,290.04,287.82,285.7,287.3,2018,2,2,47729,110597,2.317186616103417
417,DUNGARPUR,2019-02-02,4643.0,283.7,291.64,286.5014818,0.9422339,0.8878046999999999,287.06,288.78,286.46,284.12,285.88,2019,2,2,47295,101283,2.1415160164922296
418,GANGANAGAR,2001-02-02,13954.0,274.4,285.44,278.4267995,0.9545007999999999,0.9110718000000001,278.92,280.48,278.36,276.32,277.88,2001,2,2,218401,537028,2.4589081551824394
419,GANGANAGAR,2002-02-02,13981.0,268.92,286.28,276.94785210000003,0.8865434999999999,0.7859594,277.44,278.9,276.98,275.02,276.46,2002,2,2,213808,614195,2.872647421986081
420,GANGANAGAR,2003-02-02,13961.0,272.5,284.58,278.93249910000003,0.9800205,0.9604402,279.56,281.3,279.0,276.66,278.4,2003,2,2,154930,414538,2.6756470664170915
421,GANGANAGAR,2004-02-02,14045.0,276.0,285.48,279.30989819999996,0.6660016,0.4435581,279.7,280.92,279.24,277.66,278.88,2004,2,2,173534,481910,2.7770350478868693
422,GANGANAGAR,2005-02-02,14041.0,271.76,286.48,280.12908619999996,1.6526778000000002,2.7313438,281.4,284.96,280.3,275.48,279.02,2005,2,2,149237,474366,3.1786085220153177
423,GANGANAGAR,2006-02-02,13918.0,271.7,287.9,283.3565383,0.9687638000000001,0.9385031999999999,283.92,285.6,283.34,281.12,282.8,2006,2,2,191727,601031,3.1348271239835808
424,GANGANAGAR,2007-02-02,14022.0,274.58,288.34,283.4830652,1.0028723,1.0057529,284.14,286.0,283.56,281.04,282.9,2007,2,2,192667,686227,3.561725671754893
425,GANGANAGAR,2008-02-02,14031.0,268.6,281.22,277.05487420000003,0.6498281,0.42227650000000005,277.46,278.6,277.06,275.56,276.7,2008,2,2,202387,645520,3.1895329245455484
426,GANGANAGAR,2009-02-02,14047.0,277.7,286.96,282.631967,0.6593848000000001,0.43478829999999996,283.04,284.3,282.6,280.94,282.2,2009,2,2,213503,809140,3.7898296511056047
427,GANGANAGAR,2010-02-02,14045.0,275.16,285.3,280.76963900000004,1.0446035,1.0911965000000001,281.42,283.42,280.82,278.08,280.08,2010,2,2,202210,575623,2.8466594134810346
428,GANGANAGAR,2011-02-02,14046.0,277.12,286.88,282.30722910000003,0.8021587,0.6434585999999999,282.76,284.2,282.26,280.36,281.8,2011,2,2,236076,1049386,4.445119368339009
429,GANGANAGAR,2012-02-02,14043.0,272.14,284.58,276.95054760000005,0.9892045,0.9785254000000001,277.46,278.92,277.04,275.02,276.48,2012,2,2,252690,1001106,3.96179508488662
430,GANGANAGAR,2013-02-02,14047.0,278.62,286.48,281.924381,0.7042158000000001,0.4959199000000001,282.44,284.02,281.86,279.84,281.38,2013,2,2,243122,937270,3.855142685565272
431,GANGANAGAR,2014-02-02,14044.0,277.8,286.38,281.74088860000006,0.9710813,0.942999,282.48,284.76,281.78,278.68,280.96,2014,2,2,262808,1095610,4.168860917475876
432,GANGANAGAR,2015-02-02,14042.0,270.2,286.24,282.01405639999996,1.0328719000000002,1.0668243999999998,282.76,285.06,281.88,278.92,281.22,2015,2,2,256659,937036,3.6508986632068234
433,GANGANAGAR,2016-02-02,14043.0,277.8,286.1,280.5954112,0.7271214,0.5287055,281.08,282.58,280.48,278.58,280.08,2016,2,2,274584,1037621,3.7788836931503655
434,GANGANAGAR,2017-02-02,14033.0,273.44,286.22,280.9618328,0.9404534999999999,0.8844528,281.56,283.32,281.0,278.62,280.38,2017,2,2,248342,984304,3.9635019448985673
435,GANGANAGAR,2018-02-02,14042.0,276.44,285.04,279.3953511,0.7619068,0.5805019,279.88,281.4,279.24,277.34,278.86,2018,2,2,262110,1059309,4.041467322879707
436,GANGANAGAR,2019-02-02,14047.0,276.58,283.28,279.6185662,0.7986002,0.6377623,280.14,281.78,279.64,277.42,279.04,2019,2,2,261633,1094919,4.184942266457213
437,HANUMANGARH,2001-02-02,10875.0,274.28,285.14,277.80614249999996,1.0538717,1.1106456,278.46,280.52,277.68,275.04,277.08,2001,2,2,202958,519657,2.5604164408399765
438,HANUMANGARH,2002-02-02,10895.0,271.92,284.04,276.9270546,0.8491065000000001,0.7209819000000001,277.44,279.06,276.96,274.74,276.36,2002,2,2,203752,639796,3.1400722446896228
439,HANUMANGARH,2003-02-02,10906.0,274.46,285.34,279.4925674,0.8640575,0.7465954,280.04,281.66,279.52,277.34,278.96,2003,2,2,167298,523366,3.12834582601107
440,HANUMANGARH,2004-02-02,10919.0,276.84,284.52,279.116648,0.622009,0.38689520000000005,279.44,280.46,279.12,277.74,278.76,2004,2,2,178519,453304,2.5392479231902487
441,HANUMANGARH,2005-02-02,10918.0,273.96,285.4,281.17958050000004,1.0216718,1.0438132,281.94,283.9,281.31,278.64,280.62,2005,2,2,157654,526746,3.3411521433011533
442,HANUMANGARH,2006-02-02,10791.0,276.72,287.4,283.0986896,0.9661203000000002,0.9333885000000001,283.68,285.32,283.14,280.94,282.58,2006,2,2,175779,513169,2.919398790526741
443,HANUMANGARH,2007-02-02,10859.0,271.36,287.14,283.324179,1.4406781000000002,2.0755533,284.28,286.72,283.72,280.08,282.6,2007,2,2,186411,633208,3.3968381694213323
444,HANUMANGARH,2008-02-02,10870.0,274.4,281.22,276.5330046,0.9400575000000001,0.8837079999999999,277.24,279.46,276.56,274.4,275.76,2008,2,2,216076,604842,2.799209537384994
445,HANUMANGARH,2009-02-02,10916.0,277.1,286.96,282.6453536,0.7084553000000001,0.5019089,283.08,284.34,282.72,280.98,282.24,2009,2,2,207479,680021,3.27754134153336
446,HANUMANGARH,2010-02-02,10917.0,274.44,284.04,280.497688,0.8620264000000001,0.7430896,281.14,282.88,280.52,278.14,279.94,2010,2,2,217397,657210,3.0230867951259683
447,HANUMANGARH,2011-02-02,10918.0,278.22,287.2,282.11865730000005,0.9589656999999999,0.9196153,282.82,284.88,282.12,279.38,281.44,2011,2,2,227096,867972,3.8220488251664495
448,HANUMANGARH,2012-02-02,10918.0,272.5,284.84,276.4865067,1.2654477,1.601358,277.34,279.94,276.58,273.0,275.6,2012,2,2,247880,896383,3.6161973535581735
449,HANUMANGARH,2013-02-02,10910.0,278.24,286.48,281.55226580000004,0.9580839,0.9179248,282.3,284.28,281.76,278.52,280.74,2013,2,2,234125,884340,3.777213027229045
450,HANUMANGARH,2014-02-02,10919.0,276.98,286.46,281.6842568,0.8745806999999999,0.7648913,282.22,283.78,281.7,279.62,281.18,2014,2,2,247706,885386,3.5743421636940567
451,HANUMANGARH,2015-02-02,10919.0,280.12,286.24,282.14159539999997,0.6234668999999999,0.38871100000000003,282.64,284.1,282.1,280.32,281.66,2015,2,2,255214,887259,3.4765295007327186
452,HANUMANGARH,2016-02-02,10918.0,276.9,286.1,279.81228980000003,0.8015536999999999,0.6424883000000001,280.26,281.64,279.76,277.96,279.34,2016,2,2,243714,973765,3.995523441410834
453,HANUMANGARH,2017-02-02,10902.0,275.12,286.22,281.0841314,0.8494958,0.7216431999999999,281.58,283.08,281.12,279.08,280.58,2017,2,2,240237,969073,4.033820768657617
454,HANUMANGARH,2018-02-02,10915.0,276.2,285.04,279.0616858,0.583379,0.340331,279.36,280.34,278.98,277.72,278.7,2018,2,2,244534,1079259,4.413533496364513
455,HANUMANGARH,2019-02-02,10919.0,275.26,284.76,279.1455518,1.0188528000000001,1.0380611,279.9,282.14,279.16,276.16,278.4,2019,2,2,245123,1195063,4.87536053328329
456,JAIPUR,2001-02-02,13451.0,272.94,287.8,279.5123768,1.7950542,3.2222197999999995,280.22,283.12,279.28,275.46,278.28,2001,2,2,170245,354096,2.0799201151281976
457,JAIPUR,2002-02-02,13529.0,275.62,286.72,280.1868298,1.6796947,2.8213742,281.14,284.56,280.08,275.62,278.86,2002,2,2,161348,496017,3.0742060639115447
458,JAIPUR,2003-02-02,12447.0,275.24,287.68,282.16497789999994,1.4431998,2.0828256,283.06,285.96,282.12,278.22,281.12,2003,2,2,145798,425900,2.921164899381336
459,JAIPUR,2004-02-02,13559.0,274.98,288.62,280.2114935,1.5947989,2.5433836,280.82,283.4,280.04,276.54,279.1,2004,2,2,157519,469499,2.9805864689339066
460,JAIPUR,2005-02-02,13601.0,276.42,287.68,282.2072656,1.4478043,2.0961372,283.06,285.76,282.18,278.56,281.26,2005,2,2,155445,464550,2.988516838753257
461,JAIPUR,2006-02-02,13253.0,270.6,292.66,284.6852682,1.8812731,3.5391885999999997,285.54,288.74,284.64,280.2,283.4,2006,2,2,139818,387943,2.7746284455506443
462,JAIPUR,2007-02-02,13438.0,277.12,291.46,285.5163417,1.5306066999999999,2.3427569999999998,286.56,289.7,285.5,281.34,284.46,2007,2,2,136066,352372,2.5897138153543136
463,JAIPUR,2008-02-02,13218.0,268.68,284.92,279.0683205,1.6433571,2.7006226000000004,280.1,283.36,279.06,274.72,277.92,2008,2,2,132008,288950,2.188882491970184
464,JAIPUR,2009-02-02,13312.0,279.94,291.34,284.7383308,1.5498135,2.4019220000000003,285.52,288.36,284.7,280.94,283.62,2009,2,2,136789,425084,3.1075890605238725
465,JAIPUR,2010-02-02,13361.0,270.74,289.68,283.4637856,1.5652893,2.4501306,284.38,287.32,283.46,279.48,282.42,2010,2,2,139226,447502,3.214212862540043
466,JAIPUR,2011-02-02,13596.0,279.38,290.9,284.241649,1.2884236999999998,1.6600356,284.78,286.88,284.08,281.42,283.38,2011,2,2,158861,590946,3.7198934917947137
467,JAIPUR,2012-02-02,13574.0,272.56,286.54,279.4987167,1.5822982,2.5036674999999997,280.4,283.42,279.48,275.42,278.38,2012,2,2,148076,461366,3.1157378643399336
468,JAIPUR,2013-02-02,13535.0,269.5,291.28,282.37550939999994,1.4198368000000001,2.0159366999999997,283.1,285.58,282.3,279.04,281.44,2013,2,2,151092,510277,3.3772602123209703
469,JAIPUR,2014-02-02,13553.0,277.84,289.68,284.225038,1.3901112,1.9324092000000002,285.08,287.66,284.26,280.78,283.36,2014,2,2,153563,473829,3.0855674869597496
470,JAIPUR,2015-02-02,13535.0,274.78,288.68,283.7388533,1.5319652,2.3469172,284.8,288.18,283.92,279.16,282.54,2015,2,2,157649,502927,3.19016930015414
471,JAIPUR,2016-02-02,13440.0,276.9,288.68,282.166064,1.6108336,2.5947848999999996,283.0,286.0,282.16,278.0,281.0,2016,2,2,150350,477120,3.173395410708347
472,JAIPUR,2017-02-02,13547.0,275.9,289.68,283.58838860000003,1.7715346999999997,3.1383351000000004,284.76,288.12,283.68,279.16,282.52,2017,2,2,157232,569358,3.6211331026763
473,JAIPUR,2018-02-02,13456.0,274.22,289.44,281.96488999999997,1.9020009999999998,3.6176078,283.02,286.68,282.08,276.94,280.58,2018,2,2,140904,512683,3.638526940328167
474,JAIPUR,2019-02-02,13553.0,275.84,288.88,281.3906604,1.5080816000000001,2.27431,282.32,285.28,281.26,277.38,280.34,2019,2,2,139519,530407,3.801682924906285
475,JAISALMER,2001-02-02,45853.0,276.98,286.96,281.5849257,1.3816128,1.908854,282.46,284.88,281.76,278.42,280.84,2001,2,2,11003,26426,2.4017086249204764
476,JAISALMER,2002-02-02,45852.0,273.42,284.74,280.0587202,1.0218949000000002,1.0442693,280.7,282.74,280.0,277.3,279.34,2002,2,2,11448,31975,2.7930642907058
477,JAISALMER,2003-02-02,45852.0,278.36,287.02,282.88137969999997,1.2181488999999999,1.4838868,283.78,286.44,283.0,279.36,282.0,2003,2,2,7486,20280,2.7090569062249528
478,JAISALMER,2004-02-02,45852.0,278.26,287.24,282.55160730000006,1.1852506,1.404819,283.36,285.78,282.54,279.32,281.74,2004,2,2,5377,15023,2.7939371396689605
479,JAISALMER,2005-02-02,45851.0,273.84,289.34,283.5152485,1.5700549,2.4650722999999997,284.48,287.12,283.54,280.08,282.72,2005,2,2,4821,13686,2.838830118232732
480,JAISALMER,2006-02-02,45851.0,281.46,291.06,286.6334379,1.132908,1.2834805,287.38,289.62,286.66,283.64,285.88,2006,2,2,13015,35942,2.7615827890895117
481,JAISALMER,2007-02-02,45852.0,281.4,294.98,287.5046833,1.4843754999999998,2.2033705,288.54,291.56,287.46,283.5,286.52,2007,2,2,13030,19197,1.4732924021488871
482,JAISALMER,2008-02-02,45853.0,272.74,283.62,278.79956339999995,1.0197629000000001,1.0399165000000001,279.38,280.96,278.8,276.74,278.32,2008,2,2,9696,8987,0.9268770627062708
483,JAISALMER,2009-02-02,45851.0,280.96,289.58,285.5582007,0.9501048000000001,0.9026991,286.2,288.06,285.56,283.1,284.96,2009,2,2,9521,7878,0.827434093057452
484,JAISALMER,2010-02-02,45852.0,278.26,288.4,283.8420562,1.5238694,2.3221778,285.0,288.3,283.86,279.5,282.8,2010,2,2,10768,12725,1.1817421991084696
485,JAISALMER,2011-02-02,45853.0,281.56,289.84,285.7482158,1.0830212,1.1729348999999998,286.52,288.7,285.8,282.88,285.06,2011,2,2,15127,51937,3.433397236729028
486,JAISALMER,2012-02-02,45853.0,275.34,287.52,279.7350965,1.1205604,1.2556557,280.4,282.52,279.66,276.86,278.98,2012,2,2,14076,18403,1.3074026712134128
487,JAISALMER,2013-02-02,45853.0,279.08,286.92,283.6280043,1.0745088,1.1545691999999999,284.4,286.58,283.8,280.76,282.94,2013,2,2,13424,17467,1.3011769964243147
488,JAISALMER,2014-02-02,45852.0,279.54,290.86,284.672652,1.3845186999999999,1.9168919999999998,285.58,288.36,284.68,280.94,283.72,2014,2,2,13709,18128,1.322342986359326
489,JAISALMER,2015-02-02,45853.0,280.46,288.6,284.8557119,1.0480993,1.0985121,285.6,287.78,284.86,281.96,284.14,2015,2,2,10318,10022,0.9713122698197324
490,JAISALMER,2016-02-02,45853.0,280.18,289.06,283.55262819999996,1.1703931,1.36982,284.38,286.8,283.6,280.34,282.76,2016,2,2,12514,17427,1.3926002876778008
491,JAISALMER,2017-02-02,45852.0,278.1,287.82,282.3833578,1.0947277,1.1984288,283.06,285.18,282.34,279.52,281.64,2017,2,2,9989,13824,1.383922314546001
492,JAISALMER,2018-02-02,45853.0,278.88,288.44,283.0839177,0.9830325999999999,0.966353,283.7,285.62,283.04,280.5,282.42,2018,2,2,8983,16116,1.7940554380496494
493,JAISALMER,2019-02-02,45850.0,278.5,285.72,282.1987472,1.0656153999999998,1.1355362,283.04,285.38,282.26,279.1,281.46,2019,2,2,7882,14209,1.8027150469424005
494,JHALAWAR,2001-02-02,7796.0,279.88,286.98,283.42598510000005,1.4579447,2.1256028,284.58,286.98,283.54,279.88,282.18,2001,2,2,45144,86361,1.9130116959064327
495,JHALAWAR,2002-02-02,7796.0,281.3,287.3,284.1728374,1.2487355,1.5593403000000001,285.12,287.3,284.16,281.3,283.14,2002,2,2,48161,121599,2.524843753244326
496,JHALAWAR,2003-02-02,7796.0,285.16,289.54,287.35004100000003,0.816433,0.6665629,287.96,289.54,287.38,285.16,286.84,2003,2,2,21558,48080,2.2302625475461544
497,JHALAWAR,2004-02-02,7796.0,279.4,287.02,282.267863,1.3505707,1.8240411,283.22,286.22,282.06,279.4,281.22,2004,2,2,34651,96196,2.776139216761421
498,JHALAWAR,2005-02-02,7796.0,282.76,289.62,285.72920469999997,1.1535117,1.3305892,286.38,288.56,285.64,282.76,284.92,2005,2,2,49431,161194,3.260990066962028
499,JHALAWAR,2006-02-02,7796.0,283.96,290.02,286.7080554,1.1756227,1.3820888,287.58,290.02,286.62,283.96,285.82,2006,2,2,37166,102947,2.7699241241995374
500,JHALAWAR,2007-02-02,7796.0,286.14,291.74,288.6115187,1.1061798,1.2236338,289.46,291.74,288.48,286.14,287.74,2007,2,2,72456,235175,3.245762945787789
501,JHALAWAR,2008-02-02,7796.0,278.92,285.12,281.4463699,1.1879166,1.4111458000000001,282.345,285.12,281.24,278.92,280.46,2008,2,2,57376,164458,2.866320412716118
502,JHALAWAR,2009-02-02,7796.0,284.1,290.06,286.66666749999996,1.3116533000000001,1.7204345,287.68,290.06,286.62,284.1,285.54,2009,2,2,58810,163674,2.7830981125658902
503,JHALAWAR,2010-02-02,7796.0,283.28,289.64,286.08258589999997,1.2448255,1.5495903999999998,287.0,289.64,286.08,283.28,285.1,2010,2,2,67915,226609,3.3366561142604727
504,JHALAWAR,2011-02-02,7796.0,284.64,290.08,287.3177707,1.0318339,1.0646813,288.04,290.08,287.24,284.64,286.6,2011,2,2,70511,222286,3.1525010282083645
505,JHALAWAR,2012-02-02,7796.0,281.02,287.42,283.31670089999994,1.1106718,1.2335918,284.06,286.5,283.28,281.02,282.42,2012,2,2,87563,330747,3.7772460970958055
506,JHALAWAR,2013-02-02,7796.0,282.22,287.68,284.50022060000003,1.0408861999999999,1.0834441000000001,285.34,287.68,284.62,282.22,283.56,2013,2,2,86055,279018,3.2423217709604324
507,JHALAWAR,2014-02-02,7796.0,283.88,291.16,287.2651103,1.0834238999999999,1.1738073,288.06,290.52,287.06,284.08,286.4,2014,2,2,106834,329955,3.0884830671883483
508,JHALAWAR,2015-02-02,7796.0,283.58,289.46,286.3920215,0.9943364,0.9887048,287.18,289.46,286.34,283.58,285.64,2015,2,2,112534,352790,3.1349636554285816
509,JHALAWAR,2016-02-02,7796.0,282.22,288.92,284.5061955,1.1587621000000001,1.3427295,285.32,287.94,284.4,282.22,283.54,2016,2,2,102108,354563,3.4724311513299644
510,JHALAWAR,2017-02-02,7796.0,281.6,290.42,285.0085249,1.4022629,1.9663412,286.02,288.96,285.06,281.6,283.96,2017,2,2,109041,417546,3.8292568850248982
511,JHALAWAR,2018-02-02,7796.0,283.32,290.34,285.71209849999997,1.0822665,1.1713008,286.52,288.9,285.56,283.32,284.86,2018,2,2,102202,413256,4.043521653196612
512,JHALAWAR,2019-02-02,7796.0,280.18,289.86,283.60371989999993,1.2252629,1.5012691999999999,284.4,286.92,283.62,280.38,282.72,2019,2,2,105638,426073,4.03333080898919
513,JODHPUR,2001-02-02,27261.0,275.14,289.08,280.3148945,1.5476598,2.3952508999999997,281.26,284.32,280.32,276.18,279.22,2001,2,2,46851,101724,2.171223666517257
514,JODHPUR,2002-02-02,27279.0,275.56,287.16,279.8589714,1.2625778,1.5941027,280.66,283.18,279.72,276.58,278.98,2002,2,2,38463,104487,2.7165587707667114
515,JODHPUR,2003-02-02,27236.0,273.42,289.0,282.0409811,1.3043815,1.701411,282.9,285.56,282.14,278.46,281.12,2003,2,2,40643,80102,1.9708682922028395
516,JODHPUR,2004-02-02,27278.0,276.56,289.12,281.3243412,1.2173238000000002,1.4818772,281.96,284.06,281.24,278.46,280.56,2004,2,2,36836,93104,2.527527418829406
517,JODHPUR,2005-02-02,27268.0,272.44,289.48,281.8339622,2.0585778,4.2377427,283.24,287.68,281.78,275.84,280.28,2005,2,2,34403,76125,2.2127430747318546
518,JODHPUR,2006-02-02,27248.0,275.16,293.98,285.86816569999996,1.438217,2.0684681,286.72,289.42,285.84,282.22,284.92,2006,2,2,35843,75319,2.1013587032335463
519,JODHPUR,2007-02-02,27261.0,276.96,292.6,286.1144345,1.7059697,2.9103326000000003,287.26,290.62,286.22,281.66,285.02,2007,2,2,37751,76355,2.022595427935684
520,JODHPUR,2008-02-02,27266.0,274.48,286.48,277.9733595,1.340476,1.796876,278.82,281.64,278.0,274.48,276.94,2008,2,2,41824,86363,2.064914881407804
521,JODHPUR,2009-02-02,27251.0,279.58,292.3,285.1827038,1.2809282,1.6407770000000002,285.92,288.4,285.2,281.78,284.26,2009,2,2,41501,81665,1.967783908821474
522,JODHPUR,2010-02-02,27273.0,275.4,290.84,283.14440069999995,1.4613548,2.1355578,284.12,287.12,283.08,279.12,282.12,2010,2,2,53143,132805,2.4990120994298404
523,JODHPUR,2011-02-02,27279.0,281.86,291.66,285.3923436,1.2947497,1.6763768000000001,286.24,288.96,285.38,281.86,284.42,2011,2,2,59285,149046,2.5140592055325968
524,JODHPUR,2012-02-02,27279.0,275.7,287.32,279.8593548,1.3329865,1.7768529999999998,280.68,283.28,279.76,276.34,278.94,2012,2,2,50154,136352,2.7186665071579537
525,JODHPUR,2013-02-02,27278.0,278.74,288.26,283.2144527,1.0758896999999998,1.1575386,283.86,285.9,283.18,280.46,282.5,2013,2,2,60974,133164,2.183947256207564
526,JODHPUR,2014-02-02,27279.0,279.02,291.34,284.7222398,1.2881032,1.6592098999999998,285.4,287.52,284.58,281.86,283.98,2014,2,2,67879,152460,2.2460554810766222
527,JODHPUR,2015-02-02,27279.0,281.04,290.5,284.65016610000004,1.2196249,1.4874848,285.44,287.98,284.58,281.4,283.74,2015,2,2,67781,130806,1.9298328440123336
528,JODHPUR,2016-02-02,27279.0,279.04,290.72,282.9707768,1.2674203000000002,1.6063541000000001,283.7,286.22,282.92,279.84,282.02,2016,2,2,69216,136221,1.9680565187239945
529,JODHPUR,2017-02-02,27277.0,276.4,290.18,282.9177336,1.6926032,2.8649057,284.14,287.86,283.06,277.94,281.66,2017,2,2,77939,180677,2.31818473421522
530,JODHPUR,2018-02-02,27279.0,279.1,290.32,282.7467063,1.2501233,1.5628084,283.42,285.72,282.62,279.58,281.88,2018,2,2,66071,150969,2.2849510375202438
531,JODHPUR,2019-02-02,27278.0,276.8,288.6,281.9045685,1.2617441999999999,1.5919983999999998,282.6,285.0,281.66,278.6,281.0,2019,2,2,63675,149730,2.351472320376914
