,File Name,Date,Minimum,Maximum,Mean,Standard Deviation,Variance,Upper Quartile,Upper 1.5 IQR,Median,Lower 1.5 IQR,Lower Quartile,District,Year,Month,Day,Area (Hectare),Production (Tonnes),Yield (Tonnes/Hectare)
0,MOD15A2H_006_Lai_500m_doy2001001_aid0001,2001-01-01,0.1,3.1,0.503473,0.26923040000000004,0.07248500000000001,0.6,1.0,0.4,0.1,0.3,KARAULI,2001,1,1,61886,118884,1.9210160617910352
1,MOD15A2H_006_Lai_500m_doy2002001_aid0001,2002-01-01,0.1,3.2,0.42934629999999996,0.2626954,0.0690089,0.5,0.8,0.3,0.1,0.3,KARAULI,2002,1,1,55324,174640,3.1566770298604583
2,MOD15A2H_006_Lai_500m_doy2003001_aid0001,2003-01-01,0.1,6.5,0.3883222,0.32108400000000004,0.103095,0.4,0.7,0.3,0.1,0.2,KARAULI,2003,1,1,52941,131287,2.479873821801628
3,MOD15A2H_006_Lai_500m_doy2004001_aid0001,2004-01-01,0.1,2.5,0.5330055,0.33380340000000003,0.1114247,0.7,1.3,0.4,0.1,0.3,KARAULI,2004,1,1,63492,231030,3.6387261387261383
4,MOD15A2H_006_Lai_500m_doy2005001_aid0001,2005-01-01,0.1,3.2,0.6265816999999999,0.41745340000000003,0.17426729999999999,0.9,1.8,0.5,0.1,0.3,KARAULI,2005,1,1,50984,167098,3.277459595167111
5,MOD15A2H_006_Lai_500m_doy2006001_aid0001,2006-01-01,0.1,3.7,0.6012265,0.43316720000000003,0.1876338,0.7,1.3,0.5,0.1,0.3,KARAULI,2006,1,1,51891,170279,3.281474629511861
6,MOD15A2H_006_Lai_500m_doy2007001_aid0001,2007-01-01,0.1,4.1,0.5174459,0.3770829,0.1421915,0.7,1.4,0.4,0.1,0.2,KARAULI,2007,1,1,53423,163549,3.0613967766692247
7,MOD15A2H_006_Lai_500m_doy2008001_aid0001,2008-01-01,0.1,2.8,0.43869659999999994,0.31263520000000006,0.0977408,0.5,0.9,0.3,0.1,0.2,KARAULI,2008,1,1,56952,192121,3.373384604579295
8,MOD15A2H_006_Lai_500m_doy2009001_aid0001,2009-01-01,0.1,3.6,0.6458409,0.4038288,0.1630777,0.9,1.8,0.5,0.1,0.3,KARAULI,2009,1,1,62737,228085,3.6355739037569537
9,MOD15A2H_006_Lai_500m_doy2010001_aid0001,2010-01-01,0.1,6.9,0.8133374,0.614397,0.3774837,1.1,2.1,0.7,0.1,0.4,KARAULI,2010,1,1,73134,285650,3.9058440670549954
10,MOD15A2H_006_Lai_500m_doy2010001_aid0001,2010-01-01,0.1,6.9,0.8133374,0.614397,0.3774837,1.1,2.1,0.7,0.1,0.4,KARAULI,2010,1,1,73134,285650,3.9058440670549954
11,MOD15A2H_006_Lai_500m_doy2001001_aid0002,2001-01-01,0.1,4.2,0.7132228,0.4225259,0.1785281,1.0,2.0,0.7,0.1,0.3,KOTA,2001,1,1,96156,241324,2.509713382420234
12,MOD15A2H_006_Lai_500m_doy2002001_aid0002,2002-01-01,0.1,3.2,0.6547291999999999,0.3713676,0.13791389999999998,0.9,1.8,0.6,0.1,0.3,KOTA,2002,1,1,79144,227185,2.8705271404023045
13,MOD15A2H_006_Lai_500m_doy2003001_aid0002,2003-01-01,0.1,3.2,0.4765544,0.28671199999999997,0.08220380000000001,0.6,1.0,0.4,0.1,0.3,KOTA,2003,1,1,50311,141770,2.8178728309912344
14,MOD15A2H_006_Lai_500m_doy2004001_aid0002,2004-01-01,0.1,4.8,0.7319372,0.44024090000000005,0.19381210000000001,1.0,2.0,0.7,0.1,0.3,KOTA,2004,1,1,66760,191358,2.8663571000599157
15,MOD15A2H_006_Lai_500m_doy2005001_aid0002,2005-01-01,0.1,6.5,1.0409294,0.673754,0.4539445,1.6,3.2,0.9,0.1,0.5,KOTA,2005,1,1,64902,220058,3.3906197035530488
16,MOD15A2H_006_Lai_500m_doy2006001_aid0002,2006-01-01,0.1,3.3,0.8254290000000001,0.5043979999999999,0.2544174,1.1,2.1,0.7,0.1,0.4,KOTA,2006,1,1,64753,209469,3.234892591849026
17,MOD15A2H_006_Lai_500m_doy2007001_aid0002,2007-01-01,0.1,6.5,1.1461918,0.7834498000000001,0.6137935999999999,1.7,3.5,1.0,0.1,0.5,KOTA,2007,1,1,81551,296388,3.634388296893968
18,MOD15A2H_006_Lai_500m_doy2008001_aid0002,2008-01-01,0.1,2.2,0.6832881,0.361761,0.13087100000000002,1.0,2.0,0.7,0.1,0.3,KOTA,2008,1,1,110050,398747,3.62332576101772
19,MOD15A2H_006_Lai_500m_doy2009001_aid0002,2009-01-01,0.1,4.4,0.9214469000000001,0.5447506999999999,0.2967533,1.2,2.2,0.8,0.1,0.5,KOTA,2009,1,1,86611,320290,3.698029118703167
20,MOD15A2H_006_Lai_500m_doy2010001_aid0002,2010-01-01,0.1,6.9,1.0848282,0.7025908000000001,0.49363379999999996,1.5,3.0,1.0,0.1,0.5,KOTA,2010,1,1,91999,325222,3.535060163697432
21,MOD15A2H_006_Lai_500m_doy2010001_aid0002,2010-01-01,0.1,6.9,1.0848282,0.7025908000000001,0.49363379999999996,1.5,3.0,1.0,0.1,0.5,KOTA,2010,1,1,91999,325222,3.535060163697432
22,MOD15A2H_006_Lai_500m_doy2001001_aid0003,2001-01-01,0.1,2.1,0.27650009999999997,0.164972,0.027215800000000002,0.3,0.4,0.2,0.1,0.2,NAGAUR,2001,1,1,91912,184326,2.00546174601793
23,MOD15A2H_006_Lai_500m_doy2002001_aid0003,2002-01-01,0.1,1.7,0.2668791,0.13504739999999998,0.0182378,0.3,0.4,0.2,0.1,0.2,NAGAUR,2002,1,1,69514,179307,2.5794372356647584
24,MOD15A2H_006_Lai_500m_doy2003001_aid0003,2003-01-01,0.0,3.2,0.23464279999999998,0.16874229999999998,0.028474,0.3,0.6,0.2,0.0,0.1,NAGAUR,2003,1,1,85412,189465,2.218248021355313
25,MOD15A2H_006_Lai_500m_doy2004001_aid0003,2004-01-01,0.0,2.4,0.31628049999999996,0.20543979999999998,0.0422055,0.3,0.4,0.2,0.1,0.2,NAGAUR,2004,1,1,74768,201871,2.6999652257650335
26,MOD15A2H_006_Lai_500m_doy2005001_aid0003,2005-01-01,0.1,2.7,0.3157022,0.24889270000000002,0.0619476,0.4,0.7,0.2,0.1,0.2,NAGAUR,2005,1,1,69640,141396,2.0303848363009767
27,MOD15A2H_006_Lai_500m_doy2006001_aid0003,2006-01-01,0.1,2.3,0.2983066,0.20789459999999998,0.0432201,0.3,0.4,0.2,0.1,0.2,NAGAUR,2006,1,1,71316,163469,2.2921784732738795
28,MOD15A2H_006_Lai_500m_doy2007001_aid0003,2007-01-01,0.1,1.9,0.27851940000000003,0.203398,0.0413708,0.3,0.4,0.2,0.1,0.2,NAGAUR,2007,1,1,76384,165160,2.162232928361961
29,MOD15A2H_006_Lai_500m_doy2008001_aid0003,2008-01-01,0.1,2.7,0.26538540000000005,0.1682088,0.028294200000000002,0.3,0.4,0.2,0.1,0.2,NAGAUR,2008,1,1,79567,161304,2.02727261301796
30,MOD15A2H_006_Lai_500m_doy2009001_aid0003,2009-01-01,0.0,2.4,0.3009092,0.2240344,0.0501914,0.3,0.4,0.2,0.1,0.2,NAGAUR,2009,1,1,67100,173274,2.582324888226528
31,MOD15A2H_006_Lai_500m_doy2010001_aid0003,2010-01-01,0.1,2.7,0.2624643,0.2221853,0.0493663,0.3,0.6,0.2,0.1,0.1,NAGAUR,2010,1,1,77165,194171,2.5163092075422795
32,MOD15A2H_006_Lai_500m_doy2010001_aid0003,2010-01-01,0.1,2.7,0.2624643,0.2221853,0.0493663,0.3,0.6,0.2,0.1,0.1,NAGAUR,2010,1,1,77165,194171,2.5163092075422795
33,MOD15A2H_006_Lai_500m_doy2001001_aid0004,2001-01-01,0.1,2.5,0.32110520000000004,0.1565083,0.024494799999999997,0.4,0.7,0.3,0.1,0.2,PALI,2001,1,1,51527,74074,1.4375764162477924
34,MOD15A2H_006_Lai_500m_doy2002001_aid0004,2002-01-01,0.1,2.7,0.360333,0.1997118,0.0398848,0.4,0.7,0.3,0.1,0.2,PALI,2002,1,1,68178,113534,1.665258587814251
35,MOD15A2H_006_Lai_500m_doy2003001_aid0004,2003-01-01,0.1,3.3,0.2399781,0.092127,0.008487399999999999,0.3,0.4,0.2,0.1,0.2,PALI,2003,1,1,29431,61032,2.0737317794162617
36,MOD15A2H_006_Lai_500m_doy2004001_aid0004,2004-01-01,0.1,1.9,0.34125659999999997,0.1601962,0.0256628,0.4,0.7,0.3,0.1,0.2,PALI,2004,1,1,38801,79685,2.0536841833973347
37,MOD15A2H_006_Lai_500m_doy2005001_aid0004,2005-01-01,0.1,1.8,0.3052695,0.1427126,0.0203669,0.3,0.4,0.3,0.1,0.2,PALI,2005,1,1,25553,43649,1.7081751653426211
38,MOD15A2H_006_Lai_500m_doy2006001_aid0004,2006-01-01,0.1,1.9,0.3253765,0.1566313,0.0245334,0.4,0.7,0.3,0.1,0.2,PALI,2006,1,1,28652,37038,1.2926846293452463
39,MOD15A2H_006_Lai_500m_doy2007001_aid0004,2007-01-01,0.1,3.8,0.4305946,0.29023790000000005,0.08423810000000001,0.5,0.9,0.3,0.1,0.2,PALI,2007,1,1,77550,149111,1.9227724049000643
40,MOD15A2H_006_Lai_500m_doy2008001_aid0004,2008-01-01,0.0,6.5,0.4005469,0.33492790000000006,0.1121767,0.5,0.9,0.3,0.0,0.2,PALI,2008,1,1,69452,131968,1.900132465587744
41,MOD15A2H_006_Lai_500m_doy2009001_aid0004,2009-01-01,0.1,2.8,0.3155024,0.16325810000000002,0.0266532,0.3,0.4,0.3,0.1,0.2,PALI,2009,1,1,30185,51077,1.692131853569654
42,MOD15A2H_006_Lai_500m_doy2010001_aid0004,2010-01-01,0.1,2.3,0.2742377,0.12439769999999999,0.015474799999999999,0.3,0.4,0.2,0.1,0.2,PALI,2010,1,1,24350,48213,1.98
43,MOD15A2H_006_Lai_500m_doy2010001_aid0004,2010-01-01,0.1,2.3,0.2742377,0.12439769999999999,0.015474799999999999,0.3,0.4,0.2,0.1,0.2,PALI,2010,1,1,24350,48213,1.98
44,MOD15A2H_006_Lai_500m_doy2001001_aid0005,2001-01-01,0.1,1.5,0.2923593,0.11850810000000002,0.014044200000000001,0.3,0.4,0.3,0.1,0.2,RAJSAMAND,2001,1,1,3342,7208,2.1567923399162177
45,MOD15A2H_006_Lai_500m_doy2002001_aid0005,2002-01-01,0.1,1.7,0.362078,0.1387533,0.019252500000000002,0.4,0.5,0.3,0.2,0.3,RAJSAMAND,2002,1,1,15369,42099,2.7392153035330864
46,MOD15A2H_006_Lai_500m_doy2003001_aid0005,2003-01-01,0.1,1.1,0.2612432,0.08029939999999999,0.006448000000000001,0.3,0.4,0.3,0.1,0.2,RAJSAMAND,2003,1,1,1482,3158,2.1309041835357623
47,MOD15A2H_006_Lai_500m_doy2004001_aid0005,2004-01-01,0.1,1.3,0.3099542,0.1198535,0.0143649,0.3,0.4,0.3,0.1,0.2,RAJSAMAND,2004,1,1,5376,15020,2.7938988095238093
48,MOD15A2H_006_Lai_500m_doy2005001_aid0005,2005-01-01,0.1,1.7,0.3247629,0.1283972,0.016485800000000002,0.4,0.7,0.3,0.1,0.2,RAJSAMAND,2005,1,1,3293,9348,2.8387488612207714
49,MOD15A2H_006_Lai_500m_doy2006001_aid0005,2006-01-01,0.1,2.0,0.4128488,0.1560453,0.024350099999999996,0.5,0.8,0.4,0.1,0.3,RAJSAMAND,2006,1,1,16323,45077,2.7615634380934884
50,MOD15A2H_006_Lai_500m_doy2007001_aid0005,2007-01-01,0.1,2.3,0.5038154,0.20142960000000001,0.0405739,0.6,1.0,0.5,0.1,0.3,RAJSAMAND,2007,1,1,36704,116996,3.1875544899738446
51,MOD15A2H_006_Lai_500m_doy2008001_aid0005,2008-01-01,0.0,1.5,0.3813356,0.1357116,0.0184176,0.5,0.8,0.3,0.0,0.3,RAJSAMAND,2008,1,1,34420,107093,3.1113596746077863
52,MOD15A2H_006_Lai_500m_doy2009001_aid0005,2009-01-01,0.1,1.2,0.32458940000000003,0.1144993,0.0131101,0.3,0.3,0.3,0.3,0.3,RAJSAMAND,2009,1,1,12069,26966,2.2343193305161986
53,MOD15A2H_006_Lai_500m_doy2010001_aid0005,2010-01-01,0.1,1.9,0.33604029999999996,0.1315852,0.017314700000000002,0.4,0.5,0.3,0.2,0.3,RAJSAMAND,2010,1,1,6461,16811,2.6019192075530104
54,MOD15A2H_006_Lai_500m_doy2010001_aid0005,2010-01-01,0.1,1.9,0.33604029999999996,0.1315852,0.017314700000000002,0.4,0.5,0.3,0.2,0.3,RAJSAMAND,2010,1,1,6461,16811,2.6019192075530104
55,MOD15A2H_006_Lai_500m_doy2001001_aid0006,2001-01-01,0.1,2.5,0.5514614000000001,0.295478,0.0873073,0.7,1.3,0.5,0.1,0.3,SAWAI MADHOPUR,2001,1,1,66197,111612,1.6860582805867337
56,MOD15A2H_006_Lai_500m_doy2002001_aid0006,2002-01-01,0.1,5.1,0.6610919,0.3956676,0.1565529,0.8,1.5,0.5,0.1,0.3,SAWAI MADHOPUR,2002,1,1,62102,116887,1.8821777076422657
57,MOD15A2H_006_Lai_500m_doy2003001_aid0006,2003-01-01,0.1,3.1,0.3787501,0.2605346,0.0678783,0.5,0.9,0.3,0.1,0.2,SAWAI MADHOPUR,2003,1,1,54227,82843,1.5277075995352867
58,MOD15A2H_006_Lai_500m_doy2004001_aid0006,2004-01-01,0.1,3.7,0.6773537,0.3703907,0.1371893,0.9,1.6,0.6,0.1,0.4,SAWAI MADHOPUR,2004,1,1,60948,130252,2.1371004790969352
59,MOD15A2H_006_Lai_500m_doy2005001_aid0006,2005-01-01,0.1,6.6,0.9362187,0.5400019,0.291602,1.3,2.5,0.9,0.1,0.5,SAWAI MADHOPUR,2005,1,1,44021,78218,1.7768337838758774
60,MOD15A2H_006_Lai_500m_doy2006001_aid0006,2006-01-01,0.1,3.6,0.8869663000000001,0.5352222,0.28646279999999996,1.2,2.2,0.7,0.1,0.5,SAWAI MADHOPUR,2006,1,1,44491,90111,2.0253759187251354
61,MOD15A2H_006_Lai_500m_doy2007001_aid0006,2007-01-01,0.1,4.9,0.7790643,0.5346398,0.2858397,1.0,1.9,0.6,0.1,0.4,SAWAI MADHOPUR,2007,1,1,42351,118521,2.798540766451796
62,MOD15A2H_006_Lai_500m_doy2008001_aid0006,2008-01-01,0.1,2.9,0.5952094,0.404934,0.16397160000000002,0.7,1.3,0.5,0.1,0.3,SAWAI MADHOPUR,2008,1,1,45688,118179,2.586652950446507
63,MOD15A2H_006_Lai_500m_doy2009001_aid0006,2009-01-01,0.1,6.7,0.8668657,0.49393240000000005,0.2439692,1.1,2.0,0.7,0.1,0.5,SAWAI MADHOPUR,2009,1,1,53450,164400,3.0757717492984096
64,MOD15A2H_006_Lai_500m_doy2010001_aid0006,2010-01-01,0.1,6.6,1.0408117000000001,0.6240443,0.3894312,1.4,2.6,1.0,0.1,0.6,SAWAI MADHOPUR,2010,1,1,61185,213165,3.4839421426820296
65,MOD15A2H_006_Lai_500m_doy2010001_aid0006,2010-01-01,0.1,6.6,1.0408117000000001,0.6240443,0.3894312,1.4,2.6,1.0,0.1,0.6,SAWAI MADHOPUR,2010,1,1,61185,213165,3.4839421426820296
66,MOD15A2H_006_Lai_500m_doy2001001_aid0007,2001-01-01,0.1,2.1,0.343996,0.1795655,0.032243799999999996,0.5,0.9,0.3,0.1,0.2,SIKAR,2001,1,1,86767,171194,1.9730312215473624
67,MOD15A2H_006_Lai_500m_doy2002001_aid0007,2002-01-01,0.1,1.5,0.3554823,0.1650875,0.027253899999999998,0.5,0.9,0.3,0.1,0.2,SIKAR,2002,1,1,82086,269379,3.2816680067246544
68,MOD15A2H_006_Lai_500m_doy2003001_aid0007,2003-01-01,0.1,1.9,0.2748119,0.1527903,0.023344900000000002,0.3,0.4,0.3,0.1,0.2,SIKAR,2003,1,1,84627,247138,2.92032093776218
69,MOD15A2H_006_Lai_500m_doy2004001_aid0007,2004-01-01,0.1,1.8,0.3631527,0.1978751,0.0391545,0.5,0.9,0.3,0.1,0.2,SIKAR,2004,1,1,86844,229255,2.6398484639123025
70,MOD15A2H_006_Lai_500m_doy2005001_aid0007,2005-01-01,0.1,2.1,0.41231809999999997,0.23019009999999998,0.0529875,0.5,0.9,0.3,0.1,0.2,SIKAR,2005,1,1,86650,266724,3.0781765724177728
71,MOD15A2H_006_Lai_500m_doy2006001_aid0007,2006-01-01,0.1,2.4,0.3822297,0.1915046,0.036674,0.5,0.9,0.3,0.1,0.2,SIKAR,2006,1,1,84607,215361,2.545427683288617
72,MOD15A2H_006_Lai_500m_doy2007001_aid0007,2007-01-01,0.1,2.1,0.41673530000000003,0.247369,0.0611914,0.6,1.2,0.3,0.1,0.2,SIKAR,2007,1,1,84349,267674,3.1734104731532087
73,MOD15A2H_006_Lai_500m_doy2008001_aid0007,2008-01-01,0.1,1.1,0.309054,0.145676,0.0212215,0.4,0.7,0.3,0.1,0.2,SIKAR,2008,1,1,85200,170924,2.006150234741784
74,MOD15A2H_006_Lai_500m_doy2009001_aid0007,2009-01-01,0.1,1.7,0.42888050000000005,0.2267254,0.051404399999999996,0.6,1.2,0.3,0.1,0.2,SIKAR,2009,1,1,85657,250455,2.92392915932148
75,MOD15A2H_006_Lai_500m_doy2010001_aid0007,2010-01-01,0.1,1.8,0.3911821,0.2601325,0.06766889999999999,0.6,1.2,0.3,0.1,0.2,SIKAR,2010,1,1,90628,301181,3.3232665401421198
76,MOD15A2H_006_Lai_500m_doy2010001_aid0007,2010-01-01,0.1,1.8,0.3911821,0.2601325,0.06766889999999999,0.6,1.2,0.3,0.1,0.2,SIKAR,2010,1,1,90628,301181,3.3232665401421198
77,MOD15A2H_006_Lai_500m_doy2001001_aid0008,2001-01-01,0.1,1.9,0.3719357,0.1796441,0.032272,0.5,0.8,0.3,0.1,0.3,SIROHI,2001,1,1,15218,25630,1.684189775266132
78,MOD15A2H_006_Lai_500m_doy2002001_aid0008,2002-01-01,0.1,2.0,0.396077,0.1984495,0.03938219999999999,0.5,0.8,0.3,0.1,0.3,SIROHI,2002,1,1,22526,51029,2.265337831838764
79,MOD15A2H_006_Lai_500m_doy2003001_aid0008,2003-01-01,0.1,2.2,0.2925397,0.1289967,0.016640099999999998,0.3,0.4,0.3,0.1,0.2,SIROHI,2003,1,1,10087,24429,2.421830078318628
80,MOD15A2H_006_Lai_500m_doy2004001_aid0008,2004-01-01,0.1,1.9,0.4877724,0.2092067,0.043767400000000005,0.6,1.0,0.5,0.1,0.3,SIROHI,2004,1,1,26658,70468,2.643409107960087
81,MOD15A2H_006_Lai_500m_doy2005001_aid0008,2005-01-01,0.1,1.8,0.4038652,0.1921371,0.0369167,0.5,0.8,0.3,0.1,0.3,SIROHI,2005,1,1,16300,30254,1.8560736196319016
82,MOD15A2H_006_Lai_500m_doy2006001_aid0008,2006-01-01,0.1,2.2,0.5103812,0.23703110000000002,0.056183699999999996,0.6,1.0,0.5,0.1,0.3,SIROHI,2006,1,1,27201,64336,2.365207161501415
83,MOD15A2H_006_Lai_500m_doy2007001_aid0008,2007-01-01,0.1,3.9,0.6508678000000001,0.3078504,0.0947718,0.8,1.4,0.6,0.1,0.4,SIROHI,2007,1,1,46191,109237,2.3648979238379773
84,MOD15A2H_006_Lai_500m_doy2008001_aid0008,2008-01-01,0.1,2.0,0.49857219999999997,0.225152,0.0506934,0.6,1.0,0.5,0.1,0.3,SIROHI,2008,1,1,39349,92695,2.3557142494091337
85,MOD15A2H_006_Lai_500m_doy2009001_aid0008,2009-01-01,0.1,2.2,0.464592,0.2336416,0.0545884,0.6,1.0,0.4,0.1,0.3,SIROHI,2009,1,1,24790,52778,2.129003630496168
86,MOD15A2H_006_Lai_500m_doy2010001_aid0008,2010-01-01,0.1,5.0,0.39778040000000003,0.19735160000000002,0.0389476,0.5,0.8,0.3,0.1,0.3,SIROHI,2010,1,1,18016,44115,2.4486567495559504
87,MOD15A2H_006_Lai_500m_doy2010001_aid0008,2010-01-01,0.1,5.0,0.39778040000000003,0.19735160000000002,0.0389476,0.5,0.8,0.3,0.1,0.3,SIROHI,2010,1,1,18016,44115,2.4486567495559504
88,MOD15A2H_006_Lai_500m_doy2001001_aid0009,2001-01-01,0.1,2.2,0.48971750000000003,0.2735427,0.0748256,0.6,1.0,0.4,0.1,0.3,TONK,2001,1,1,70478,108495,1.539416555520872
89,MOD15A2H_006_Lai_500m_doy2002001_aid0009,2002-01-01,0.1,3.6,0.48286840000000003,0.31685019999999997,0.1003941,0.6,1.0,0.4,0.1,0.3,TONK,2002,1,1,60297,123635,2.0504336865847392
90,MOD15A2H_006_Lai_500m_doy2003001_aid0009,2003-01-01,0.1,2.7,0.2769208,0.1733877,0.030063299999999998,0.3,0.4,0.2,0.1,0.2,TONK,2003,1,1,39825,80975,2.033270558694288
91,MOD15A2H_006_Lai_500m_doy2004001_aid0009,2004-01-01,0.1,2.8,0.472905,0.26635240000000004,0.07094360000000001,0.5,0.8,0.4,0.1,0.3,TONK,2004,1,1,47241,124621,2.637983954615694
92,MOD15A2H_006_Lai_500m_doy2005001_aid0009,2005-01-01,0.0,3.2,0.796833,0.4604008,0.2119689,1.0,1.7,0.7,0.0,0.5,TONK,2005,1,1,60615,169243,2.792097665594325
93,MOD15A2H_006_Lai_500m_doy2006001_aid0009,2006-01-01,0.0,3.5,0.7410215,0.43591369999999996,0.19002070000000001,1.0,1.7,0.7,0.0,0.5,TONK,2006,1,1,54647,138646,2.5371200614855343
94,MOD15A2H_006_Lai_500m_doy2007001_aid0009,2007-01-01,0.0,3.5,0.6375970000000001,0.5131114999999999,0.26328340000000006,0.8,1.5,0.5,0.0,0.3,TONK,2007,1,1,63430,163346,2.5752167743969734
95,MOD15A2H_006_Lai_500m_doy2008001_aid0009,2008-01-01,0.0,7.0,0.5681955,0.4019585,0.1615706,0.7,1.3,0.5,0.0,0.3,TONK,2008,1,1,69961,175020,2.5016795071539857
96,MOD15A2H_006_Lai_500m_doy2009001_aid0009,2009-01-01,0.1,2.8,0.692103,0.358417,0.12846269999999999,0.9,1.5,0.6,0.1,0.5,TONK,2009,1,1,40643,105913,2.605934601284354
97,MOD15A2H_006_Lai_500m_doy2010001_aid0009,2010-01-01,0.1,3.6,0.6706131999999999,0.4339964,0.1883529,0.9,1.8,0.6,0.1,0.3,TONK,2010,1,1,39926,106733,2.6732705505184597
98,MOD15A2H_006_Lai_500m_doy2010001_aid0009,2010-01-01,0.1,3.6,0.6706131999999999,0.4339964,0.1883529,0.9,1.8,0.6,0.1,0.3,TONK,2010,1,1,39926,106733,2.6732705505184597
99,MOD15A2H_006_Lai_500m_doy2001001_aid0010,2001-01-01,0.1,1.6,0.4243274,0.1840933,0.0338904,0.5,0.8,0.4,0.1,0.3,UDAIPUR,2001,1,1,17488,38009,2.1734332113449217
100,MOD15A2H_006_Lai_500m_doy2002001_aid0010,2002-01-01,0.1,2.1,0.4376655,0.1916362,0.036724400000000004,0.5,0.8,0.4,0.1,0.3,UDAIPUR,2002,1,1,38959,97378,2.499499473805796
101,MOD15A2H_006_Lai_500m_doy2003001_aid0010,2003-01-01,0.1,2.1,0.3846579,0.15884410000000002,0.0252315,0.5,0.8,0.3,0.1,0.3,UDAIPUR,2003,1,1,16935,38743,2.2877472689695897
102,MOD15A2H_006_Lai_500m_doy2004001_aid0010,2004-01-01,0.1,1.9,0.47485259999999996,0.2463217,0.0606744,0.6,1.0,0.4,0.1,0.3,UDAIPUR,2004,1,1,33804,82623,2.4441782037628683
103,MOD15A2H_006_Lai_500m_doy2005001_aid0010,2005-01-01,0.0,1.7,0.5330629,0.2356132,0.055513599999999996,0.7,1.3,0.5,0.0,0.3,UDAIPUR,2005,1,1,48549,160395,3.3037755669529756
104,MOD15A2H_006_Lai_500m_doy2006001_aid0010,2006-01-01,0.0,2.2,0.5856415,0.2557297,0.0653977,0.7,1.1,0.5,0.0,0.4,UDAIPUR,2006,1,1,67990,148568,2.1851448742462125
105,MOD15A2H_006_Lai_500m_doy2007001_aid0010,2007-01-01,0.0,5.2,0.6424648000000001,0.28988709999999995,0.0840345,0.8,1.2,0.6,0.1,0.5,UDAIPUR,2007,1,1,88904,217207,2.4431634122199224
106,MOD15A2H_006_Lai_500m_doy2008001_aid0010,2008-01-01,0.0,7.0,0.4977298,0.220691,0.048704500000000005,0.6,1.0,0.5,0.0,0.3,UDAIPUR,2008,1,1,79367,184713,2.327327478675016
107,MOD15A2H_006_Lai_500m_doy2009001_aid0010,2009-01-01,0.1,2.3,0.5021137,0.2233989,0.049907099999999996,0.6,1.0,0.5,0.1,0.3,UDAIPUR,2009,1,1,41115,86645,2.107381734160282
108,MOD15A2H_006_Lai_500m_doy2010001_aid0010,2010-01-01,0.1,4.7,0.5361491999999999,0.2587658,0.0669597,0.7,1.3,0.5,0.1,0.3,UDAIPUR,2010,1,1,32201,75366,2.340486320300612
109,MOD15A2H_006_Lai_500m_doy2010001_aid0010,2010-01-01,0.1,4.7,0.5361491999999999,0.2587658,0.0669597,0.7,1.3,0.5,0.1,0.3,UDAIPUR,2010,1,1,32201,75366,2.340486320300612
110,MOD15A2H_006_Lai_500m_doy2001001_aid0011,2001-01-01,0.1,2.1,0.31828850000000003,0.17166710000000002,0.0294696,0.3,0.4,0.3,0.1,0.2,AJMER,2001,1,1,34280,41829,1.2202158693115521
111,MOD15A2H_006_Lai_500m_doy2002001_aid0011,2002-01-01,0.1,2.0,0.32735559999999997,0.16783800000000001,0.028169599999999996,0.4,0.7,0.3,0.1,0.2,AJMER,2002,1,1,41551,75770,1.8235421530167744
112,MOD15A2H_006_Lai_500m_doy2003001_aid0011,2003-01-01,0.1,1.7,0.2196698,0.07786950000000001,0.0060637,0.2,0.2,0.2,0.2,0.2,AJMER,2003,1,1,11244,23077,2.0523834934187124
113,MOD15A2H_006_Lai_500m_doy2004001_aid0011,2004-01-01,0.1,1.6,0.2847808,0.11740969999999999,0.013784999999999999,0.3,0.4,0.3,0.1,0.2,AJMER,2004,1,1,21595,42225,1.9553137300301
114,MOD15A2H_006_Lai_500m_doy2005001_aid0011,2005-01-01,0.0,2.0,0.3341024,0.2096552,0.0439553,0.4,0.7,0.3,0.0,0.2,AJMER,2005,1,1,25457,52533,2.0635974388183995
115,MOD15A2H_006_Lai_500m_doy2006001_aid0011,2006-01-01,0.1,2.5,0.3403184,0.16801470000000002,0.028228899999999998,0.4,0.7,0.3,0.1,0.2,AJMER,2006,1,1,23544,31307,1.3297230716955488
116,MOD15A2H_006_Lai_500m_doy2007001_aid0011,2007-01-01,0.0,1.9,0.3273255,0.17816949999999998,0.0317444,0.4,0.7,0.3,0.0,0.2,AJMER,2007,1,1,30011,84048,2.8005731231881645
117,MOD15A2H_006_Lai_500m_doy2008001_aid0011,2008-01-01,0.1,2.0,0.267781,0.1173933,0.0137812,0.3,0.4,0.2,0.1,0.2,AJMER,2008,1,1,21909,52373,2.3904787986672145
118,MOD15A2H_006_Lai_500m_doy2009001_aid0011,2009-01-01,0.1,1.9,0.3018638,0.1478997,0.0218743,0.3,0.4,0.3,0.1,0.2,AJMER,2009,1,1,16605,37499,2.258295694068052
119,MOD15A2H_006_Lai_500m_doy2010001_aid0011,2010-01-01,0.1,2.2,0.2316605,0.11394580000000001,0.012983600000000001,0.2,0.2,0.2,0.2,0.2,AJMER,2010,1,1,8761,21653,2.4715215158086976
120,MOD15A2H_006_Lai_500m_doy2010001_aid0011,2010-01-01,0.1,2.2,0.2316605,0.11394580000000001,0.012983600000000001,0.2,0.2,0.2,0.2,0.2,AJMER,2010,1,1,8761,21653,2.4715215158086976
121,MOD15A2H_006_Lai_500m_doy2001001_aid0012,2001-01-01,0.1,6.8,0.6699624,0.3247414,0.105457,0.9,1.6,0.7,0.1,0.4,ALWAR,2001,1,1,202992,724108,3.5671750610861515
122,MOD15A2H_006_Lai_500m_doy2002001_aid0012,2002-01-01,0.1,1.7,0.6178563,0.2954195,0.0872727,0.8,1.5,0.6,0.1,0.3,ALWAR,2002,1,1,174090,529816,3.0433453960595096
123,MOD15A2H_006_Lai_500m_doy2003001_aid0012,2003-01-01,0.0,7.0,0.642459,0.40722909999999996,0.1658355,0.9,1.8,0.6,0.0,0.3,ALWAR,2003,1,1,181459,571450,3.1491962371665223
124,MOD15A2H_006_Lai_500m_doy2004001_aid0012,2004-01-01,0.0,2.3,0.7829050999999999,0.36114409999999997,0.1304251,1.0,1.7,0.7,0.0,0.5,ALWAR,2004,1,1,188108,648794,3.4490505454313483
125,MOD15A2H_006_Lai_500m_doy2005001_aid0012,2005-01-01,0.1,4.4,0.962518,0.4503356,0.20280209999999999,1.3,2.3,1.0,0.1,0.6,ALWAR,2005,1,1,157411,511753,3.2510625051616473
126,MOD15A2H_006_Lai_500m_doy2006001_aid0012,2006-01-01,0.1,2.5,0.85772,0.41534609999999994,0.1725124,1.1,2.0,0.8,0.1,0.5,ALWAR,2006,1,1,159468,492657,3.089378433290692
127,MOD15A2H_006_Lai_500m_doy2007001_aid0012,2007-01-01,0.1,3.7,0.8211072,0.4191531,0.1756893,1.1,2.0,0.8,0.1,0.5,ALWAR,2007,1,1,180515,641964,3.55629172090962
128,MOD15A2H_006_Lai_500m_doy2008001_aid0012,2008-01-01,0.1,1.9,0.6427853,0.2994047,0.0896432,0.9,1.8,0.7,0.1,0.3,ALWAR,2008,1,1,191440,669054,3.4948495612202257
129,MOD15A2H_006_Lai_500m_doy2009001_aid0012,2009-01-01,0.1,2.6,0.9247075000000001,0.4175848,0.174377,1.2,2.1,1.0,0.1,0.6,ALWAR,2009,1,1,170172,688076,4.043414897868041
130,MOD15A2H_006_Lai_500m_doy2010001_aid0012,2010-01-01,0.1,6.4,0.9866571,0.5344279000000001,0.2856132,1.4,2.7,1.0,0.1,0.5,ALWAR,2010,1,1,192800,722874,3.7493464730290467
131,MOD15A2H_006_Lai_500m_doy2010001_aid0012,2010-01-01,0.1,6.4,0.9866571,0.5344279000000001,0.2856132,1.4,2.7,1.0,0.1,0.5,ALWAR,2010,1,1,192800,722874,3.7493464730290467
132,MOD15A2H_006_Lai_500m_doy2001001_aid0013,2001-01-01,0.1,2.5,0.3844317,0.1973578,0.038950099999999994,0.5,0.8,0.3,0.1,0.3,BANSWARA,2001,1,1,35623,49590,1.3920781517558878
133,MOD15A2H_006_Lai_500m_doy2002001_aid0013,2002-01-01,0.1,5.6,0.4633575,0.3275926,0.10731689999999999,0.5,0.8,0.3,0.1,0.3,BANSWARA,2002,1,1,55509,111895,2.0157992397629214
134,MOD15A2H_006_Lai_500m_doy2003001_aid0013,2003-01-01,0.1,5.1,0.4496245,0.31187309999999996,0.09726489999999999,0.5,0.8,0.3,0.1,0.3,BANSWARA,2003,1,1,49390,73141,1.4808868191941689
135,MOD15A2H_006_Lai_500m_doy2004001_aid0013,2004-01-01,0.0,6.6,0.5181335,0.3095426,0.0958166,0.7,1.3,0.5,0.0,0.3,BANSWARA,2004,1,1,69513,140615,2.0228590335620678
136,MOD15A2H_006_Lai_500m_doy2005001_aid0013,2005-01-01,0.0,4.1,0.5109991,0.3175527,0.10083969999999999,0.6,1.0,0.5,0.0,0.3,BANSWARA,2005,1,1,77545,160663,2.071867947643304
137,MOD15A2H_006_Lai_500m_doy2006001_aid0013,2006-01-01,0.0,3.4,0.5241034999999999,0.26371740000000005,0.0695469,0.6,1.0,0.5,0.0,0.3,BANSWARA,2006,1,1,82190,162053,1.9716875532303202
138,MOD15A2H_006_Lai_500m_doy2007001_aid0013,2007-01-01,0.0,6.4,0.5944729999999999,0.3323065,0.1104276,0.7,1.3,0.6,0.0,0.3,BANSWARA,2007,1,1,85835,160011,1.8641696277742181
139,MOD15A2H_006_Lai_500m_doy2008001_aid0013,2008-01-01,0.0,3.7,0.5106025,0.266707,0.0711326,0.6,1.0,0.5,0.0,0.3,BANSWARA,2008,1,1,90801,183398,2.01977951784672
140,MOD15A2H_006_Lai_500m_doy2009001_aid0013,2009-01-01,0.0,4.6,0.5562273,0.33467359999999996,0.11200639999999998,0.7,1.3,0.5,0.0,0.3,BANSWARA,2009,1,1,76116,118511,1.5569788217983078
141,MOD15A2H_006_Lai_500m_doy2010001_aid0013,2010-01-01,0.0,6.8,0.7639608,0.5135105999999999,0.2636932,1.0,2.0,0.7,0.0,0.3,BANSWARA,2010,1,1,80466,161762,2.010314915616534
142,MOD15A2H_006_Lai_500m_doy2010001_aid0013,2010-01-01,0.0,6.8,0.7639608,0.5135105999999999,0.2636932,1.0,2.0,0.7,0.0,0.3,BANSWARA,2010,1,1,80466,161762,2.010314915616534
143,MOD15A2H_006_Lai_500m_doy2001001_aid0014,2001-01-01,0.1,6.3,0.7930509,0.43493000000000004,0.1891641,1.0,1.7,0.7,0.1,0.5,BARAN,2001,1,1,89194,186595,2.0920129156669733
144,MOD15A2H_006_Lai_500m_doy2002001_aid0014,2002-01-01,0.1,2.7,0.7258146,0.4151625,0.17235989999999998,1.0,1.9,0.7,0.1,0.4,BARAN,2002,1,1,67650,211353,3.1242128603104216
145,MOD15A2H_006_Lai_500m_doy2003001_aid0014,2003-01-01,0.1,2.9,0.43160699999999996,0.24969009999999997,0.062345199999999996,0.5,0.8,0.3,0.1,0.3,BARAN,2003,1,1,39064,121097,3.0999641613762035
146,MOD15A2H_006_Lai_500m_doy2004001_aid0014,2004-01-01,0.1,3.7,0.8199453999999999,0.504055,0.2540714,1.2,2.4,0.7,0.1,0.4,BARAN,2004,1,1,55314,132471,2.394890986007159
147,MOD15A2H_006_Lai_500m_doy2005001_aid0014,2005-01-01,0.1,6.5,1.0321745999999998,0.6881166999999999,0.47350459999999994,1.6,3.2,0.8,0.1,0.5,BARAN,2005,1,1,55154,156111,2.8304565398701818
148,MOD15A2H_006_Lai_500m_doy2006001_aid0014,2006-01-01,0.1,3.5,0.8549733,0.5145809,0.2647935,1.1,2.0,0.7,0.1,0.5,BARAN,2006,1,1,65062,199521,3.0666287541114627
149,MOD15A2H_006_Lai_500m_doy2007001_aid0014,2007-01-01,0.1,6.5,1.0150671999999998,0.7177872,0.5152185,1.4,2.7,0.8,0.1,0.5,BARAN,2007,1,1,85963,311235,3.620569314705164
150,MOD15A2H_006_Lai_500m_doy2008001_aid0014,2008-01-01,0.1,2.8,0.6621679,0.371762,0.138207,1.0,2.0,0.6,0.1,0.3,BARAN,2008,1,1,106699,350036,3.280593070225588
151,MOD15A2H_006_Lai_500m_doy2009001_aid0014,2009-01-01,0.1,6.5,0.9673927999999999,0.607097,0.36856679999999997,1.3,2.5,0.8,0.1,0.5,BARAN,2009,1,1,95802,346163,3.61331704974844
152,MOD15A2H_006_Lai_500m_doy2010001_aid0014,2010-01-01,0.1,6.8,1.1806896999999998,0.7953755,0.6326221,1.7,3.5,1.0,0.1,0.5,BARAN,2010,1,1,105609,397171,3.760768495109319
153,MOD15A2H_006_Lai_500m_doy2010001_aid0014,2010-01-01,0.1,6.8,1.1806896999999998,0.7953755,0.6326221,1.7,3.5,1.0,0.1,0.5,BARAN,2010,1,1,105609,397171,3.760768495109319
154,MOD15A2H_006_Lai_500m_doy2001001_aid0015,2001-01-01,0.1,2.1,0.19597879999999998,0.0680055,0.0046247,0.2,0.2,0.2,0.2,0.2,BARMER,2001,1,1,15363,36898,2.40174445095359
155,MOD15A2H_006_Lai_500m_doy2002001_aid0015,2002-01-01,0.1,1.3,0.1956586,0.049734600000000004,0.0024735,0.2,0.2,0.2,0.2,0.2,BARMER,2002,1,1,12344,34477,2.7930168502916395
156,MOD15A2H_006_Lai_500m_doy2003001_aid0015,2003-01-01,0.1,1.7,0.13689749999999998,0.07065679999999999,0.0049924,0.2,0.3,0.1,0.1,0.1,BARMER,2003,1,1,15840,42911,2.7090277777777776
157,MOD15A2H_006_Lai_500m_doy2004001_aid0015,2004-01-01,0.1,1.7,0.2256038,0.0762461,0.0058135,0.2,0.2,0.2,0.2,0.2,BARMER,2004,1,1,13124,20140,1.5345931118561411
158,MOD15A2H_006_Lai_500m_doy2005001_aid0015,2005-01-01,0.1,1.8,0.17802010000000001,0.0825622,0.0068165000000000005,0.2,0.3,0.2,0.1,0.1,BARMER,2005,1,1,12389,23465,1.89401888772298
159,MOD15A2H_006_Lai_500m_doy2006001_aid0015,2006-01-01,0.1,1.7,0.16513540000000002,0.0818819,0.006704600000000001,0.2,0.3,0.2,0.1,0.1,BARMER,2006,1,1,12158,10900,0.8965290343806547
160,MOD15A2H_006_Lai_500m_doy2007001_aid0015,2007-01-01,0.0,2.1,0.2227125,0.1014592,0.010294,0.2,0.2,0.2,0.2,0.2,BARMER,2007,1,1,18400,29406,1.5981521739130435
161,MOD15A2H_006_Lai_500m_doy2008001_aid0015,2008-01-01,0.1,1.4,0.19422609999999998,0.0741951,0.0055049,0.2,0.2,0.2,0.2,0.2,BARMER,2008,1,1,13813,22050,1.5963223050749291
162,MOD15A2H_006_Lai_500m_doy2009001_aid0015,2009-01-01,0.1,1.9,0.19698210000000002,0.0953117,0.009084299999999998,0.2,0.2,0.2,0.2,0.2,BARMER,2009,1,1,11467,9986,0.8708467777099503
163,MOD15A2H_006_Lai_500m_doy2010001_aid0015,2010-01-01,0.1,1.8,0.19172579999999997,0.09076870000000001,0.008239,0.2,0.2,0.2,0.2,0.2,BARMER,2010,1,1,15200,23127,1.5215131578947367
164,MOD15A2H_006_Lai_500m_doy2010001_aid0015,2010-01-01,0.1,1.8,0.19172579999999997,0.09076870000000001,0.008239,0.2,0.2,0.2,0.2,0.2,BARMER,2010,1,1,15200,23127,1.5215131578947367
165,MOD15A2H_006_Lai_500m_doy2001001_aid0016,2001-01-01,0.1,2.2,0.6508001999999999,0.25232289999999996,0.0636669,0.8,1.2,0.7,0.1,0.5,BHARATPUR,2001,1,1,171639,605340,3.5268208274343245
166,MOD15A2H_006_Lai_500m_doy2002001_aid0016,2002-01-01,0.1,2.0,0.689801,0.26661929999999995,0.0710859,0.9,1.5,0.7,0.1,0.5,BHARATPUR,2002,1,1,139114,473505,3.4037192518366237
167,MOD15A2H_006_Lai_500m_doy2003001_aid0016,2003-01-01,0.0,7.0,0.5924170999999999,0.4184768,0.1751228,0.9,1.8,0.5,0.0,0.3,BHARATPUR,2003,1,1,143611,472145,3.287665986588771
168,MOD15A2H_006_Lai_500m_doy2004001_aid0016,2004-01-01,0.1,3.0,0.8274171,0.34399609999999997,0.1183333,1.1,1.8,0.8,0.1,0.6,BHARATPUR,2004,1,1,142184,535114,3.7635317616609454
169,MOD15A2H_006_Lai_500m_doy2005001_aid0016,2005-01-01,0.1,3.4,1.2214469,0.4424273,0.1957419,1.6,2.5,1.3,0.1,1.0,BHARATPUR,2005,1,1,111319,324549,2.9154861254592657
170,MOD15A2H_006_Lai_500m_doy2006001_aid0016,2006-01-01,0.1,6.6,1.0610986999999998,0.43706999999999996,0.1910302,1.3,2.2,1.1,0.1,0.7,BHARATPUR,2006,1,1,119191,446796,3.7485716203404618
171,MOD15A2H_006_Lai_500m_doy2007001_aid0016,2007-01-01,0.1,2.6,0.8911110999999999,0.3502708,0.1226896,1.1,1.7,0.9,0.1,0.7,BHARATPUR,2007,1,1,147831,491178,3.3225642794813
172,MOD15A2H_006_Lai_500m_doy2008001_aid0016,2008-01-01,0.1,1.8,0.7202695,0.2824129,0.0797571,0.9,1.5,0.7,0.1,0.5,BHARATPUR,2008,1,1,157414,522525,3.3194315626310242
173,MOD15A2H_006_Lai_500m_doy2009001_aid0016,2009-01-01,0.1,6.7,1.2025622,0.5169971999999999,0.26728609999999997,1.5,2.4,1.2,0.1,0.9,BHARATPUR,2009,1,1,133758,551718,4.12474767864352
174,MOD15A2H_006_Lai_500m_doy2010001_aid0016,2010-01-01,0.1,6.9,1.4138972,0.6963104999999999,0.4848483,1.7,2.7,1.4,0.1,1.0,BHARATPUR,2010,1,1,160732,630274,3.9212726775004354
175,MOD15A2H_006_Lai_500m_doy2010001_aid0016,2010-01-01,0.1,6.9,1.4138972,0.6963104999999999,0.4848483,1.7,2.7,1.4,0.1,1.0,BHARATPUR,2010,1,1,160732,630274,3.9212726775004354
176,MOD15A2H_006_Lai_500m_doy2001001_aid0017,2001-01-01,0.1,3.0,0.36310490000000006,0.21546149999999997,0.0464237,0.4,0.7,0.3,0.1,0.2,BHILWARA,2001,1,1,50381,95371,1.892995375240666
177,MOD15A2H_006_Lai_500m_doy2002001_aid0017,2002-01-01,0.1,3.0,0.428775,0.24611020000000003,0.0605702,0.5,0.8,0.3,0.1,0.3,BHILWARA,2002,1,1,87685,193310,2.2045959970348408
178,MOD15A2H_006_Lai_500m_doy2003001_aid0017,2003-01-01,0.1,3.5,0.2556499,0.1177836,0.013872999999999998,0.3,0.4,0.2,0.1,0.2,BHILWARA,2003,1,1,24416,50783,2.079906618610747
179,MOD15A2H_006_Lai_500m_doy2004001_aid0017,2004-01-01,0.1,1.9,0.3277542,0.1639487,0.026879200000000002,0.4,0.7,0.3,0.1,0.2,BHILWARA,2004,1,1,46401,76846,1.6561281006874853
180,MOD15A2H_006_Lai_500m_doy2005001_aid0017,2005-01-01,0.0,3.2,0.48907619999999996,0.29639899999999997,0.08785239999999998,0.6,1.0,0.4,0.0,0.3,BHILWARA,2005,1,1,83389,215568,2.585089160440825
181,MOD15A2H_006_Lai_500m_doy2006001_aid0017,2006-01-01,0.1,2.9,0.43654129999999997,0.2036306,0.0414654,0.5,0.8,0.4,0.1,0.3,BHILWARA,2006,1,1,55997,118408,2.1145418504562743
182,MOD15A2H_006_Lai_500m_doy2007001_aid0017,2007-01-01,0.0,3.7,0.55887,0.2984748,0.08908719999999999,0.7,1.3,0.5,0.0,0.3,BHILWARA,2007,1,1,123813,389584,3.146551654511238
183,MOD15A2H_006_Lai_500m_doy2008001_aid0017,2008-01-01,0.1,1.9,0.37911659999999997,0.1760524,0.030994400000000002,0.4,0.5,0.3,0.2,0.3,BHILWARA,2008,1,1,81579,193729,2.3747410485541622
184,MOD15A2H_006_Lai_500m_doy2009001_aid0017,2009-01-01,0.1,3.4,0.40354559999999995,0.24862420000000002,0.061814,0.5,0.8,0.3,0.1,0.3,BHILWARA,2009,1,1,54375,143160,2.6328275862068966
185,MOD15A2H_006_Lai_500m_doy2010001_aid0017,2010-01-01,0.1,3.4,0.3346473,0.2017497,0.0407029,0.3,0.4,0.3,0.1,0.2,BHILWARA,2010,1,1,38384,103366,2.6929449770737808
186,MOD15A2H_006_Lai_500m_doy2010001_aid0017,2010-01-01,0.1,3.4,0.3346473,0.2017497,0.0407029,0.3,0.4,0.3,0.1,0.2,BHILWARA,2010,1,1,38384,103366,2.6929449770737808
187,MOD15A2H_006_Lai_500m_doy2001001_aid0018,2001-01-01,0.1,1.1,0.16086489999999998,0.068863,0.004742100000000001,0.2,0.3,0.2,0.1,0.1,BIKANER,2001,1,1,44656,49099,1.0994939089931923
188,MOD15A2H_006_Lai_500m_doy2002001_aid0018,2002-01-01,0.1,0.8,0.15830229999999998,0.0758418,0.005752,0.2,0.3,0.1,0.1,0.1,BIKANER,2002,1,1,44077,77209,1.7516845520339406
189,MOD15A2H_006_Lai_500m_doy2003001_aid0018,2003-01-01,0.1,0.7,0.11905510000000001,0.052842200000000006,0.0027923,0.1,0.1,0.1,0.1,0.1,BIKANER,2003,1,1,30794,50307,1.6336624017665782
190,MOD15A2H_006_Lai_500m_doy2004001_aid0018,2004-01-01,0.1,0.8,0.1448721,0.0722063,0.0052138,0.2,0.3,0.1,0.1,0.1,BIKANER,2004,1,1,35986,83088,2.3088979047407325
191,MOD15A2H_006_Lai_500m_doy2005001_aid0018,2005-01-01,0.1,1.0,0.1344747,0.0770113,0.0059307,0.1,0.1,0.1,0.1,0.1,BIKANER,2005,1,1,34880,73466,2.10625
192,MOD15A2H_006_Lai_500m_doy2006001_aid0018,2006-01-01,0.1,0.9,0.1422874,0.0791223,0.0062603,0.2,0.3,0.1,0.1,0.1,BIKANER,2006,1,1,50162,93503,1.8640205733423707
193,MOD15A2H_006_Lai_500m_doy2007001_aid0018,2007-01-01,0.1,1.8,0.1531513,0.10957539999999999,0.0120068,0.2,0.3,0.1,0.1,0.1,BIKANER,2007,1,1,52898,138027,2.6093046996105707
194,MOD15A2H_006_Lai_500m_doy2008001_aid0018,2008-01-01,0.1,0.7,0.1330235,0.07056230000000001,0.004979,0.1,0.1,0.1,0.1,0.1,BIKANER,2008,1,1,51684,72545,1.4036258803498178
195,MOD15A2H_006_Lai_500m_doy2009001_aid0018,2009-01-01,0.1,1.9,0.16845710000000003,0.13407239999999998,0.017975400000000002,0.2,0.3,0.1,0.1,0.1,BIKANER,2009,1,1,58932,141123,2.394675218896355
196,MOD15A2H_006_Lai_500m_doy2010001_aid0018,2010-01-01,0.1,1.1,0.1494223,0.1035951,0.0107319,0.2,0.3,0.1,0.1,0.1,BIKANER,2010,1,1,55947,98721,1.7645450158185425
197,MOD15A2H_006_Lai_500m_doy2010001_aid0018,2010-01-01,0.1,1.1,0.1494223,0.1035951,0.0107319,0.2,0.3,0.1,0.1,0.1,BIKANER,2010,1,1,55947,98721,1.7645450158185425
198,MOD15A2H_006_Lai_500m_doy2001001_aid0019,2001-01-01,0.1,2.5,0.6078758000000001,0.3747848,0.14046370000000002,0.8,1.5,0.5,0.1,0.3,BUNDI,2001,1,1,103745,259176,2.498202323003518
199,MOD15A2H_006_Lai_500m_doy2002001_aid0019,2002-01-01,0.1,3.3,0.5891392,0.3617132,0.1308364,0.7,1.3,0.5,0.1,0.3,BUNDI,2002,1,1,105005,307114,2.9247559640017142
200,MOD15A2H_006_Lai_500m_doy2003001_aid0019,2003-01-01,0.1,3.4,0.3773652,0.2422569,0.0586884,0.5,0.9,0.3,0.1,0.2,BUNDI,2003,1,1,65862,161579,2.4532962861741217
201,MOD15A2H_006_Lai_500m_doy2004001_aid0019,2004-01-01,0.1,3.5,0.6064908,0.4135294,0.1710066,0.8,1.5,0.5,0.1,0.3,BUNDI,2004,1,1,102994,264088,2.564110530710527
202,MOD15A2H_006_Lai_500m_doy2005001_aid0019,2005-01-01,0.0,6.3,0.9540736999999999,0.6623385,0.4386923,1.4,3.0,0.7,0.0,0.3,BUNDI,2005,1,1,81202,266007,3.2758675894682403
203,MOD15A2H_006_Lai_500m_doy2006001_aid0019,2006-01-01,0.1,3.9,0.7222725,0.4514396,0.2037977,1.0,2.0,0.6,0.1,0.3,BUNDI,2006,1,1,94861,287769,3.03358598370247
204,MOD15A2H_006_Lai_500m_doy2007001_aid0019,2007-01-01,0.1,6.8,0.8875656,0.6578755000000001,0.4328002,1.2,2.5,0.7,0.1,0.3,BUNDI,2007,1,1,111575,405515,3.634461124803944
205,MOD15A2H_006_Lai_500m_doy2008001_aid0019,2008-01-01,0.1,3.6,0.5723574,0.3223561,0.1039134,0.7,1.3,0.5,0.1,0.3,BUNDI,2008,1,1,129893,458279,3.5281269968358573
206,MOD15A2H_006_Lai_500m_doy2009001_aid0019,2009-01-01,0.1,6.3,0.7804595999999999,0.5008570999999999,0.2508578,1.1,2.3,0.7,0.1,0.3,BUNDI,2009,1,1,117809,429814,3.6483969815548902
207,MOD15A2H_006_Lai_500m_doy2010001_aid0019,2010-01-01,0.1,6.8,0.8499868,0.694332,0.482097,1.2,2.5,0.6,0.1,0.3,BUNDI,2010,1,1,107862,366088,3.3940405332739982
208,MOD15A2H_006_Lai_500m_doy2010001_aid0019,2010-01-01,0.1,6.8,0.8499868,0.694332,0.482097,1.2,2.5,0.6,0.1,0.3,BUNDI,2010,1,1,107862,366088,3.3940405332739982
209,MOD15A2H_006_Lai_500m_doy2001001_aid0021,2001-01-01,0.0,1.4,0.1427513,0.0674605,0.004550899999999999,0.2,0.3,0.1,0.0,0.1,CHURU,2001,1,1,17615,42306,2.4017030939540165
210,MOD15A2H_006_Lai_500m_doy2002001_aid0021,2002-01-01,0.1,1.0,0.1728092,0.0672572,0.0045235,0.2,0.3,0.2,0.1,0.1,CHURU,2002,1,1,11001,30726,2.7930188164712297
211,MOD15A2H_006_Lai_500m_doy2003001_aid0021,2003-01-01,0.1,1.4,0.114004,0.0564368,0.0031850999999999997,0.1,0.1,0.1,0.1,0.1,CHURU,2003,1,1,12191,33026,2.7090476581084406
212,MOD15A2H_006_Lai_500m_doy2004001_aid0021,2004-01-01,0.1,1.2,0.1473063,0.079037,0.0062469,0.2,0.3,0.1,0.1,0.1,CHURU,2004,1,1,11469,32044,2.7939663440578952
213,MOD15A2H_006_Lai_500m_doy2005001_aid0021,2005-01-01,0.1,1.6,0.1472744,0.10578980000000002,0.0111915,0.2,0.3,0.1,0.1,0.1,CHURU,2005,1,1,13071,37107,2.8388799632774844
214,MOD15A2H_006_Lai_500m_doy2006001_aid0021,2006-01-01,0.1,1.7,0.1536524,0.0722188,0.005215600000000001,0.2,0.3,0.1,0.1,0.1,CHURU,2006,1,1,16077,44397,2.7615226721403245
215,MOD15A2H_006_Lai_500m_doy2007001_aid0021,2007-01-01,0.1,1.4,0.1545116,0.09902310000000002,0.0098056,0.2,0.3,0.1,0.1,0.1,CHURU,2007,1,1,15743,26817,1.7034237438861717
216,MOD15A2H_006_Lai_500m_doy2008001_aid0021,2008-01-01,0.1,1.0,0.1529933,0.0707046,0.0049991,0.2,0.3,0.1,0.1,0.1,CHURU,2008,1,1,17651,22633,1.2822502974335732
217,MOD15A2H_006_Lai_500m_doy2009001_aid0021,2009-01-01,0.1,1.5,0.1851381,0.0997034,0.009940799999999998,0.2,0.3,0.2,0.1,0.1,CHURU,2009,1,1,17325,27853,1.6076767676767676
218,MOD15A2H_006_Lai_500m_doy2010001_aid0021,2010-01-01,0.1,1.5,0.163916,0.1227617,0.015070400000000001,0.2,0.3,0.1,0.1,0.1,CHURU,2010,1,1,22674,42534,1.8758930934109552
219,MOD15A2H_006_Lai_500m_doy2010001_aid0021,2010-01-01,0.1,1.5,0.163916,0.1227617,0.015070400000000001,0.2,0.3,0.1,0.1,0.1,CHURU,2010,1,1,22674,42534,1.8758930934109552
220,MOD15A2H_006_Lai_500m_doy2001001_aid0022,2001-01-01,0.1,3.6,0.5682605,0.2424216,0.0587682,0.7,1.1,0.5,0.1,0.4,DAUSA,2001,1,1,95200,270712,2.8436134453781516
221,MOD15A2H_006_Lai_500m_doy2002001_aid0022,2002-01-01,0.1,2.1,0.5558656999999999,0.2437674,0.0594226,0.7,1.3,0.5,0.1,0.3,DAUSA,2002,1,1,87432,291645,3.335678012626956
222,MOD15A2H_006_Lai_500m_doy2003001_aid0022,2003-01-01,0.1,4.0,0.5531549,0.35160690000000006,0.12362739999999998,0.7,1.3,0.5,0.1,0.3,DAUSA,2003,1,1,82714,264936,3.2030369707667385
223,MOD15A2H_006_Lai_500m_doy2004001_aid0022,2004-01-01,0.1,2.0,0.6649844,0.2804685,0.07866260000000001,0.8,1.2,0.6,0.1,0.5,DAUSA,2004,1,1,89144,281950,3.1628600915372878
224,MOD15A2H_006_Lai_500m_doy2005001_aid0022,2005-01-01,0.1,3.7,0.8340293,0.3774258,0.1424503,1.0,1.6,0.7,0.1,0.6,DAUSA,2005,1,1,78802,196430,2.492703230882465
225,MOD15A2H_006_Lai_500m_doy2006001_aid0022,2006-01-01,0.1,2.7,0.7736821,0.3532752,0.12480339999999998,1.0,1.7,0.7,0.1,0.5,DAUSA,2006,1,1,73006,249518,3.4177738815987726
226,MOD15A2H_006_Lai_500m_doy2007001_aid0022,2007-01-01,0.1,2.7,0.6799804,0.3622835,0.13124929999999999,0.9,1.6,0.6,0.1,0.4,DAUSA,2007,1,1,75948,196390,2.585848211934481
227,MOD15A2H_006_Lai_500m_doy2008001_aid0022,2008-01-01,0.1,2.3,0.571773,0.3080912,0.0949202,0.7,1.3,0.5,0.1,0.3,DAUSA,2008,1,1,77470,223996,2.8913902155673163
228,MOD15A2H_006_Lai_500m_doy2009001_aid0022,2009-01-01,0.2,3.2,0.8357076999999999,0.399719,0.15977529999999998,1.0,1.7,0.7,0.2,0.5,DAUSA,2009,1,1,77365,245789,3.177005105667938
229,MOD15A2H_006_Lai_500m_doy2010001_aid0022,2010-01-01,0.1,6.4,0.9757238000000001,0.5653587,0.3196304,1.2,2.1,0.8,0.1,0.6,DAUSA,2010,1,1,83956,291788,3.4754871599409216
230,MOD15A2H_006_Lai_500m_doy2010001_aid0022,2010-01-01,0.1,6.4,0.9757238000000001,0.5653587,0.3196304,1.2,2.1,0.8,0.1,0.6,DAUSA,2010,1,1,83956,291788,3.4754871599409216
231,MOD15A2H_006_Lai_500m_doy2001001_aid0024,2001-01-01,0.1,1.0,0.34712790000000004,0.11001469999999999,0.012103200000000001,0.4,0.5,0.3,0.2,0.3,DUNGARPUR,2001,1,1,10107,26750,2.6466805184525577
232,MOD15A2H_006_Lai_500m_doy2002001_aid0024,2002-01-01,0.1,1.5,0.3685573,0.14218050000000002,0.0202153,0.5,0.8,0.3,0.1,0.3,DUNGARPUR,2002,1,1,23541,71315,3.029395522705068
233,MOD15A2H_006_Lai_500m_doy2003001_aid0024,2003-01-01,0.1,1.1,0.3020483,0.11004960000000001,0.012110899999999999,0.3,0.4,0.3,0.1,0.2,DUNGARPUR,2003,1,1,9536,17633,1.8490981543624159
234,MOD15A2H_006_Lai_500m_doy2004001_aid0024,2004-01-01,0.0,1.3,0.3828955,0.13980910000000002,0.019546599999999997,0.5,0.8,0.3,0.0,0.3,DUNGARPUR,2004,1,1,33573,72447,2.1578947368421053
235,MOD15A2H_006_Lai_500m_doy2005001_aid0024,2005-01-01,0.0,1.5,0.42133469999999995,0.1625647,0.026427299999999997,0.5,0.8,0.4,0.0,0.3,DUNGARPUR,2005,1,1,37821,80873,2.138309404828006
236,MOD15A2H_006_Lai_500m_doy2006001_aid0024,2006-01-01,0.1,1.4,0.4525214,0.152372,0.0232172,0.5,0.8,0.5,0.1,0.3,DUNGARPUR,2006,1,1,35622,57414,1.6117567795182752
237,MOD15A2H_006_Lai_500m_doy2007001_aid0024,2007-01-01,0.1,1.6,0.546716,0.201699,0.040682499999999996,0.7,1.1,0.5,0.1,0.4,DUNGARPUR,2007,1,1,40855,71327,1.7458573002080529
238,MOD15A2H_006_Lai_500m_doy2008001_aid0024,2008-01-01,0.1,7.0,0.41437159999999995,0.15884079999999998,0.0252304,0.5,0.8,0.4,0.1,0.3,DUNGARPUR,2008,1,1,41492,76137,1.8349802371541504
239,MOD15A2H_006_Lai_500m_doy2009001_aid0024,2009-01-01,0.1,1.4,0.3788712,0.1476672,0.021805599999999998,0.5,0.8,0.3,0.1,0.3,DUNGARPUR,2009,1,1,18296,24530,1.340730214254482
240,MOD15A2H_006_Lai_500m_doy2010001_aid0024,2010-01-01,0.1,2.6,0.5425081,0.25278,0.0638977,0.7,1.3,0.5,0.1,0.3,DUNGARPUR,2010,1,1,36010,64072,1.7792835323521243
241,MOD15A2H_006_Lai_500m_doy2010001_aid0024,2010-01-01,0.1,2.6,0.5425081,0.25278,0.0638977,0.7,1.3,0.5,0.1,0.3,DUNGARPUR,2010,1,1,36010,64072,1.7792835323521243
242,MOD15A2H_006_Lai_500m_doy2001001_aid0025,2001-01-01,0.0,1.8,0.2151913,0.1254789,0.0157449,0.3,0.6,0.2,0.0,0.1,GANGANAGAR,2001,1,1,218401,537028,2.4589081551824394
243,MOD15A2H_006_Lai_500m_doy2002001_aid0025,2002-01-01,0.0,1.3,0.3493151,0.194526,0.037840399999999996,0.5,0.9,0.3,0.0,0.2,GANGANAGAR,2002,1,1,213808,614195,2.872647421986081
244,MOD15A2H_006_Lai_500m_doy2003001_aid0025,2003-01-01,0.1,1.3,0.277902,0.16186989999999998,0.0262019,0.4,0.8,0.3,0.1,0.1,GANGANAGAR,2003,1,1,154930,414538,2.6756470664170915
245,MOD15A2H_006_Lai_500m_doy2004001_aid0025,2004-01-01,0.1,1.2,0.3872723,0.22826390000000002,0.052104399999999995,0.5,0.9,0.3,0.1,0.2,GANGANAGAR,2004,1,1,173534,481910,2.7770350478868693
246,MOD15A2H_006_Lai_500m_doy2005001_aid0025,2005-01-01,0.1,1.5,0.42806289999999997,0.2516158,0.0633105,0.7,1.4,0.4,0.1,0.2,GANGANAGAR,2005,1,1,149237,474366,3.1786085220153177
247,MOD15A2H_006_Lai_500m_doy2006001_aid0025,2006-01-01,0.1,1.5,0.4226299,0.2698527,0.07282050000000001,0.6,1.2,0.4,0.1,0.2,GANGANAGAR,2006,1,1,191727,601031,3.1348271239835808
248,MOD15A2H_006_Lai_500m_doy2007001_aid0025,2007-01-01,0.1,1.7,0.5005519,0.2797542,0.0782624,0.7,1.3,0.5,0.1,0.3,GANGANAGAR,2007,1,1,192667,686227,3.561725671754893
249,MOD15A2H_006_Lai_500m_doy2008001_aid0025,2008-01-01,0.1,1.4,0.388704,0.22977270000000002,0.0527955,0.5,0.9,0.3,0.1,0.2,GANGANAGAR,2008,1,1,202387,645520,3.1895329245455484
250,MOD15A2H_006_Lai_500m_doy2009001_aid0025,2009-01-01,0.1,2.3,0.5987541999999999,0.34233779999999997,0.1171952,0.9,1.8,0.6,0.1,0.3,GANGANAGAR,2009,1,1,213503,809140,3.7898296511056047
251,MOD15A2H_006_Lai_500m_doy2010001_aid0025,2010-01-01,0.1,1.7,0.3735408,0.2249504,0.0506027,0.5,0.9,0.3,0.1,0.2,GANGANAGAR,2010,1,1,202210,575623,2.8466594134810346
252,MOD15A2H_006_Lai_500m_doy2010001_aid0025,2010-01-01,0.1,1.7,0.3735408,0.2249504,0.0506027,0.5,0.9,0.3,0.1,0.2,GANGANAGAR,2010,1,1,202210,575623,2.8466594134810346
253,MOD15A2H_006_Lai_500m_doy2001001_aid0026,2001-01-01,0.0,7.0,0.1695015,0.1655394,0.027403300000000002,0.2,0.3,0.1,0.0,0.1,HANUMANGARH,2001,1,1,202958,519657,2.5604164408399765
254,MOD15A2H_006_Lai_500m_doy2002001_aid0026,2002-01-01,0.1,6.7,0.256098,0.22222170000000002,0.049382499999999996,0.3,0.6,0.2,0.1,0.1,HANUMANGARH,2002,1,1,203752,639796,3.1400722446896228
255,MOD15A2H_006_Lai_500m_doy2003001_aid0026,2003-01-01,0.1,2.3,0.2245049,0.19450910000000002,0.0378338,0.3,0.6,0.1,0.1,0.1,HANUMANGARH,2003,1,1,167298,523366,3.12834582601107
256,MOD15A2H_006_Lai_500m_doy2004001_aid0026,2004-01-01,0.1,1.8,0.2945729,0.2268505,0.051461099999999996,0.5,1.1,0.2,0.1,0.1,HANUMANGARH,2004,1,1,178519,453304,2.5392479231902487
257,MOD15A2H_006_Lai_500m_doy2005001_aid0026,2005-01-01,0.1,3.6,0.3241425,0.2859049,0.08174160000000001,0.5,1.1,0.2,0.1,0.1,HANUMANGARH,2005,1,1,157654,526746,3.3411521433011533
258,MOD15A2H_006_Lai_500m_doy2006001_aid0026,2006-01-01,0.1,2.3,0.292451,0.2110618,0.0445471,0.5,1.1,0.2,0.1,0.1,HANUMANGARH,2006,1,1,175779,513169,2.919398790526741
259,MOD15A2H_006_Lai_500m_doy2007001_aid0026,2007-01-01,0.1,2.4,0.3371883,0.26686170000000003,0.0712151,0.5,1.1,0.2,0.1,0.1,HANUMANGARH,2007,1,1,186411,633208,3.3968381694213323
260,MOD15A2H_006_Lai_500m_doy2008001_aid0026,2008-01-01,0.1,1.5,0.2699815,0.1567825,0.0245808,0.3,0.4,0.2,0.1,0.2,HANUMANGARH,2008,1,1,216076,604842,2.799209537384994
261,MOD15A2H_006_Lai_500m_doy2009001_aid0026,2009-01-01,0.1,2.1,0.3852908,0.2775687,0.0770444,0.6,1.2,0.3,0.1,0.2,HANUMANGARH,2009,1,1,207479,680021,3.27754134153336
262,MOD15A2H_006_Lai_500m_doy2010001_aid0026,2010-01-01,0.1,1.4,0.22213339999999998,0.15905650000000002,0.025299000000000002,0.3,0.6,0.2,0.1,0.1,HANUMANGARH,2010,1,1,217397,657210,3.0230867951259683
263,MOD15A2H_006_Lai_500m_doy2010001_aid0026,2010-01-01,0.1,1.4,0.22213339999999998,0.15905650000000002,0.025299000000000002,0.3,0.6,0.2,0.1,0.1,HANUMANGARH,2010,1,1,217397,657210,3.0230867951259683
264,MOD15A2H_006_Lai_500m_doy2001001_aid0027,2001-01-01,0.1,3.4,0.45597829999999995,0.232897,0.054241,0.6,1.0,0.4,0.1,0.3,JAIPUR,2001,1,1,170245,354096,2.0799201151281976
265,MOD15A2H_006_Lai_500m_doy2002001_aid0027,2002-01-01,0.0,1.6,0.4015807,0.1984537,0.0393839,0.5,0.8,0.3,0.0,0.3,JAIPUR,2002,1,1,161348,496017,3.0742060639115447
266,MOD15A2H_006_Lai_500m_doy2003001_aid0027,2003-01-01,0.0,1.8,0.35701609999999995,0.2075414,0.043073400000000005,0.5,0.9,0.3,0.0,0.2,JAIPUR,2003,1,1,145798,425900,2.921164899381336
267,MOD15A2H_006_Lai_500m_doy2004001_aid0027,2004-01-01,0.0,2.1,0.47906350000000003,0.2565591,0.06582260000000001,0.6,1.0,0.4,0.0,0.3,JAIPUR,2004,1,1,157519,469499,2.9805864689339066
268,MOD15A2H_006_Lai_500m_doy2005001_aid0027,2005-01-01,0.1,2.4,0.6004716999999999,0.2900973,0.08415650000000001,0.7,1.1,0.5,0.1,0.4,JAIPUR,2005,1,1,155445,464550,2.988516838753257
269,MOD15A2H_006_Lai_500m_doy2006001_aid0027,2006-01-01,0.1,2.4,0.5052466,0.2629964,0.06916710000000001,0.6,1.0,0.5,0.1,0.3,JAIPUR,2006,1,1,139818,387943,2.7746284455506443
270,MOD15A2H_006_Lai_500m_doy2007001_aid0027,2007-01-01,0.1,2.2,0.4711464,0.310546,0.0964388,0.6,1.2,0.3,0.1,0.2,JAIPUR,2007,1,1,136066,352372,2.5897138153543136
271,MOD15A2H_006_Lai_500m_doy2008001_aid0027,2008-01-01,0.1,1.6,0.38947009999999993,0.21487270000000003,0.046170300000000004,0.5,0.9,0.3,0.1,0.2,JAIPUR,2008,1,1,132008,288950,2.188882491970184
272,MOD15A2H_006_Lai_500m_doy2009001_aid0027,2009-01-01,0.0,2.4,0.5275616999999999,0.2780263,0.07729860000000001,0.7,1.3,0.5,0.0,0.3,JAIPUR,2009,1,1,136789,425084,3.1075890605238725
273,MOD15A2H_006_Lai_500m_doy2010001_aid0027,2010-01-01,0.1,2.3,0.5121992,0.3447038,0.11882069999999999,0.7,1.4,0.4,0.1,0.2,JAIPUR,2010,1,1,139226,447502,3.214212862540043
274,MOD15A2H_006_Lai_500m_doy2010001_aid0027,2010-01-01,0.1,2.3,0.5121992,0.3447038,0.11882069999999999,0.7,1.4,0.4,0.1,0.2,JAIPUR,2010,1,1,139226,447502,3.214212862540043
275,MOD15A2H_006_Lai_500m_doy2001001_aid0028,2001-01-01,0.1,0.9,0.1799329,0.051215300000000005,0.002623,0.2,0.2,0.2,0.2,0.2,JAISALMER,2001,1,1,11003,26426,2.4017086249204764
276,MOD15A2H_006_Lai_500m_doy2002001_aid0028,2002-01-01,0.1,0.7,0.1847737,0.047281800000000006,0.0022356,0.2,0.2,0.2,0.2,0.2,JAISALMER,2002,1,1,11448,31975,2.7930642907058
277,MOD15A2H_006_Lai_500m_doy2003001_aid0028,2003-01-01,0.1,0.8,0.10912000000000001,0.037701599999999995,0.0014214,0.1,0.1,0.1,0.1,0.1,JAISALMER,2003,1,1,7486,20280,2.7090569062249528
278,MOD15A2H_006_Lai_500m_doy2004001_aid0028,2004-01-01,0.1,0.8,0.2192311,0.0706138,0.0049863,0.2,0.2,0.2,0.2,0.2,JAISALMER,2004,1,1,5377,15023,2.7939371396689605
279,MOD15A2H_006_Lai_500m_doy2005001_aid0028,2005-01-01,0.1,1.0,0.1257617,0.0679728,0.0046203,0.1,0.1,0.1,0.1,0.1,JAISALMER,2005,1,1,4821,13686,2.838830118232732
280,MOD15A2H_006_Lai_500m_doy2006001_aid0028,2006-01-01,0.1,1.0,0.1302518,0.067246,0.004522,0.1,0.1,0.1,0.1,0.1,JAISALMER,2006,1,1,13015,35942,2.7615827890895117
281,MOD15A2H_006_Lai_500m_doy2007001_aid0028,2007-01-01,0.1,1.2,0.1736335,0.0944529,0.0089214,0.2,0.3,0.2,0.1,0.1,JAISALMER,2007,1,1,13030,19197,1.4732924021488871
282,MOD15A2H_006_Lai_500m_doy2008001_aid0028,2008-01-01,0.1,1.1,0.1688512,0.0773217,0.0059786,0.2,0.3,0.2,0.1,0.1,JAISALMER,2008,1,1,9696,8987,0.9268770627062708
283,MOD15A2H_006_Lai_500m_doy2009001_aid0028,2009-01-01,0.1,1.4,0.1352451,0.0906773,0.0082224,0.1,0.1,0.1,0.1,0.1,JAISALMER,2009,1,1,9521,7878,0.827434093057452
284,MOD15A2H_006_Lai_500m_doy2010001_aid0028,2010-01-01,0.1,1.4,0.1326227,0.0979005,0.0095845,0.1,0.1,0.1,0.1,0.1,JAISALMER,2010,1,1,10768,12725,1.1817421991084696
285,MOD15A2H_006_Lai_500m_doy2010001_aid0028,2010-01-01,0.1,1.4,0.1326227,0.0979005,0.0095845,0.1,0.1,0.1,0.1,0.1,JAISALMER,2010,1,1,10768,12725,1.1817421991084696
286,MOD15A2H_006_Lai_500m_doy2001001_aid0030,2001-01-01,0.1,2.6,0.49349160000000003,0.305962,0.0936127,0.6,1.0,0.4,0.1,0.3,JHALAWAR,2001,1,1,45144,86361,1.9130116959064327
287,MOD15A2H_006_Lai_500m_doy2002001_aid0030,2002-01-01,0.1,2.7,0.5599621,0.3204745,0.1027039,0.7,1.3,0.5,0.1,0.3,JHALAWAR,2002,1,1,48161,121599,2.524843753244326
288,MOD15A2H_006_Lai_500m_doy2003001_aid0030,2003-01-01,0.1,2.1,0.36476529999999996,0.1911719,0.0365467,0.4,0.5,0.3,0.2,0.3,JHALAWAR,2003,1,1,21558,48080,2.2302625475461544
289,MOD15A2H_006_Lai_500m_doy2004001_aid0030,2004-01-01,0.1,3.4,0.5685547,0.3310653,0.10960419999999998,0.7,1.3,0.5,0.1,0.3,JHALAWAR,2004,1,1,34651,96196,2.776139216761421
290,MOD15A2H_006_Lai_500m_doy2005001_aid0030,2005-01-01,0.1,3.9,0.6828115,0.4472865,0.2000652,0.9,1.8,0.6,0.1,0.3,JHALAWAR,2005,1,1,49431,161194,3.260990066962028
291,MOD15A2H_006_Lai_500m_doy2006001_aid0030,2006-01-01,0.1,2.7,0.5334929,0.33545690000000006,0.11253130000000001,0.7,1.3,0.5,0.1,0.3,JHALAWAR,2006,1,1,37166,102947,2.7699241241995374
292,MOD15A2H_006_Lai_500m_doy2007001_aid0030,2007-01-01,0.1,3.0,0.7581472,0.4592898,0.2109471,1.0,1.9,0.7,0.1,0.4,JHALAWAR,2007,1,1,72456,235175,3.245762945787789
293,MOD15A2H_006_Lai_500m_doy2008001_aid0030,2008-01-01,0.1,2.3,0.5547201,0.2927775,0.0857186,0.7,1.3,0.5,0.1,0.3,JHALAWAR,2008,1,1,57376,164458,2.866320412716118
294,MOD15A2H_006_Lai_500m_doy2009001_aid0030,2009-01-01,0.1,3.3,0.7645227,0.4312472,0.1859741,1.0,1.9,0.7,0.1,0.4,JHALAWAR,2009,1,1,58810,163674,2.7830981125658902
295,MOD15A2H_006_Lai_500m_doy2010001_aid0030,2010-01-01,0.1,6.4,1.0822364,0.5795204,0.33584390000000003,1.5,2.8,1.0,0.1,0.6,JHALAWAR,2010,1,1,67915,226609,3.3366561142604727
296,MOD15A2H_006_Lai_500m_doy2010001_aid0030,2010-01-01,0.1,6.4,1.0822364,0.5795204,0.33584390000000003,1.5,2.8,1.0,0.1,0.6,JHALAWAR,2010,1,1,67915,226609,3.3366561142604727
297,MOD15A2H_006_Lai_500m_doy2001001_aid0032,2001-01-01,0.1,2.3,0.2415301,0.1291746,0.0166861,0.2,0.2,0.2,0.2,0.2,JODHPUR,2001,1,1,46851,101724,2.171223666517257
298,MOD15A2H_006_Lai_500m_doy2002001_aid0032,2002-01-01,0.1,1.7,0.2334644,0.1007569,0.010151899999999998,0.2,0.2,0.2,0.2,0.2,JODHPUR,2002,1,1,38463,104487,2.7165587707667114
299,MOD15A2H_006_Lai_500m_doy2003001_aid0032,2003-01-01,0.1,1.9,0.1870865,0.11456079999999999,0.013124200000000003,0.2,0.3,0.2,0.1,0.1,JODHPUR,2003,1,1,40643,80102,1.9708682922028395
300,MOD15A2H_006_Lai_500m_doy2004001_aid0032,2004-01-01,0.1,1.7,0.2547075,0.13502709999999998,0.018232299999999996,0.3,0.4,0.2,0.1,0.2,JODHPUR,2004,1,1,36836,93104,2.527527418829406
301,MOD15A2H_006_Lai_500m_doy2005001_aid0032,2005-01-01,0.1,1.9,0.24524720000000003,0.1601096,0.0256351,0.2,0.2,0.2,0.2,0.2,JODHPUR,2005,1,1,34403,76125,2.2127430747318546
302,MOD15A2H_006_Lai_500m_doy2006001_aid0032,2006-01-01,0.1,2.0,0.2382101,0.1416647,0.0200689,0.2,0.2,0.2,0.2,0.2,JODHPUR,2006,1,1,35843,75319,2.1013587032335463
303,MOD15A2H_006_Lai_500m_doy2007001_aid0032,2007-01-01,0.1,1.7,0.2340376,0.13905839999999997,0.019337200000000002,0.2,0.2,0.2,0.2,0.2,JODHPUR,2007,1,1,37751,76355,2.022595427935684
304,MOD15A2H_006_Lai_500m_doy2008001_aid0032,2008-01-01,0.1,1.7,0.22436889999999998,0.1246652,0.015541399999999999,0.2,0.2,0.2,0.2,0.2,JODHPUR,2008,1,1,41824,86363,2.064914881407804
305,MOD15A2H_006_Lai_500m_doy2009001_aid0032,2009-01-01,0.1,1.9,0.24859940000000003,0.15987079999999998,0.0255587,0.2,0.2,0.2,0.2,0.2,JODHPUR,2009,1,1,41501,81665,1.967783908821474
306,MOD15A2H_006_Lai_500m_doy2010001_aid0032,2010-01-01,0.1,3.6,0.23824120000000001,0.1669385,0.0278685,0.2,0.2,0.2,0.2,0.2,JODHPUR,2010,1,1,53143,132805,2.4990120994298404
307,MOD15A2H_006_Lai_500m_doy2010001_aid0032,2010-01-01,0.1,3.6,0.23824120000000001,0.1669385,0.0278685,0.2,0.2,0.2,0.2,0.2,JODHPUR,2010,1,1,53143,132805,2.4990120994298404
308,MOD15A2H_006_Lai_500m_doy2011001_aid0001,2011-01-01,0.1,6.7,0.8327343,0.5053576,0.2553863,1.1,2.0,0.7,0.1,0.5,KARAULI,2011,1,1,86163,365854,4.246068498079222
309,MOD15A2H_006_Lai_500m_doy2012001_aid0001,2012-01-01,0.1,2.7,0.5780529999999999,0.319522,0.1020943,0.7,1.3,0.5,0.1,0.3,KARAULI,2012,1,1,75295,296883,3.942931137525732
310,MOD15A2H_006_Lai_500m_doy2013001_aid0001,2013-01-01,0.1,2.6,0.6326574,0.2966665,0.088011,0.8,1.4,0.5,0.1,0.4,KARAULI,2013,1,1,78348,306585,3.9131183948537296
311,MOD15A2H_006_Lai_500m_doy2014001_aid0001,2014-01-01,0.1,5.6,0.7385469,0.4218511,0.1779584,1.0,1.9,0.6,0.1,0.4,KARAULI,2014,1,1,83418,313196,3.754537390011748
312,MOD15A2H_006_Lai_500m_doy2015001_aid0001,2015-01-01,0.1,6.5,0.7232584,0.4943058,0.2443382,1.0,2.0,0.6,0.1,0.3,KARAULI,2015,1,1,85169,308964,3.6276579506628
313,MOD15A2H_006_Lai_500m_doy2016001_aid0001,2016-01-01,0.1,4.0,0.6499939,0.4562859,0.2081968,0.9,1.8,0.5,0.1,0.3,KARAULI,2016,1,1,78974,279286,3.536429711044141
314,MOD15A2H_006_Lai_500m_doy2017001_aid0001,2017-01-01,0.1,6.9,0.9156648000000001,0.7014553000000001,0.49203959999999997,1.2,2.4,0.7,0.1,0.4,KARAULI,2017,1,1,89193,360710,4.044151446862422
315,MOD15A2H_006_Lai_500m_doy2018001_aid0001,2018-01-01,0.1,6.5,0.6503986999999999,0.4976455,0.247651,0.8,1.5,0.5,0.1,0.3,KARAULI,2018,1,1,75421,319581,4.23729465268294
316,MOD15A2H_006_Lai_500m_doy2019001_aid0001,2019-01-01,0.2,4.2,0.8025258000000001,0.5216023,0.27206890000000006,1.1,2.1,0.7,0.2,0.4,KARAULI,2019,1,1,77846,346048,4.445289417568018
317,MOD15A2H_006_Lai_500m_doy2011001_aid0002,2011-01-01,0.1,4.7,0.8417434000000001,0.48677209999999993,0.2369471,1.1,2.0,0.7,0.1,0.5,KOTA,2011,1,1,115280,411409,3.5687803608605133
318,MOD15A2H_006_Lai_500m_doy2012001_aid0002,2012-01-01,0.1,6.7,0.8950396,0.46649809999999997,0.2176205,1.2,2.2,0.8,0.1,0.5,KOTA,2012,1,1,111785,467738,4.18426443619448
319,MOD15A2H_006_Lai_500m_doy2013001_aid0002,2013-01-01,0.1,6.1,1.0086101,0.5828097,0.3396671,1.4,2.7,1.0,0.1,0.5,KOTA,2013,1,1,127996,541271,4.228811837869934
320,MOD15A2H_006_Lai_500m_doy2014001_aid0002,2014-01-01,0.1,6.4,0.7852333,0.449524,0.2020719,1.0,1.7,0.7,0.1,0.5,KOTA,2014,1,1,138008,553604,4.011390644020636
321,MOD15A2H_006_Lai_500m_doy2015001_aid0002,2015-01-01,0.1,6.4,1.0019911,0.6449893,0.4160112,1.3,2.3,0.9,0.1,0.6,KOTA,2015,1,1,135748,279120,2.056162890060995
322,MOD15A2H_006_Lai_500m_doy2016001_aid0002,2016-01-01,0.1,6.8,1.0392288,0.6681720999999999,0.446454,1.4,2.6,1.0,0.1,0.6,KOTA,2016,1,1,120081,468840,3.9043645539261003
323,MOD15A2H_006_Lai_500m_doy2017001_aid0002,2017-01-01,0.1,6.8,1.1636833,0.7699927,0.5928886999999999,1.5,2.8,1.1,0.1,0.6,KOTA,2017,1,1,141604,622806,4.398223214033502
324,MOD15A2H_006_Lai_500m_doy2018001_aid0002,2018-01-01,0.1,6.7,1.0956243,0.774089,0.5992139,1.4,2.7,1.0,0.1,0.5,KOTA,2018,1,1,120490,502518,4.1706199684621135
325,MOD15A2H_006_Lai_500m_doy2019001_aid0002,2019-01-01,0.1,6.7,1.1416899,0.6601206000000001,0.43575920000000007,1.6,3.1,1.1,0.1,0.6,KOTA,2019,1,1,142148,666856,4.691279511495061
326,MOD15A2H_006_Lai_500m_doy2011001_aid0003,2011-01-01,0.0,1.7,0.3024567,0.1698436,0.028846800000000002,0.3,0.4,0.2,0.1,0.2,NAGAUR,2011,1,1,77362,194987,2.520449316201753
327,MOD15A2H_006_Lai_500m_doy2012001_aid0003,2012-01-01,0.0,1.4,0.2561553,0.1073221,0.011518,0.3,0.4,0.2,0.1,0.2,NAGAUR,2012,1,1,56807,142524,2.5089161546992447
328,MOD15A2H_006_Lai_500m_doy2013001_aid0003,2013-01-01,0.0,1.4,0.2868869,0.1396675,0.019507,0.3,0.4,0.2,0.1,0.2,NAGAUR,2013,1,1,83768,212344,2.534905930665648
329,MOD15A2H_006_Lai_500m_doy2014001_aid0003,2014-01-01,0.1,2.3,0.3450149,0.17754360000000002,0.0315217,0.5,0.9,0.3,0.1,0.2,NAGAUR,2014,1,1,75548,189555,2.509067083178906
330,MOD15A2H_006_Lai_500m_doy2015001_aid0003,2015-01-01,0.0,1.9,0.3034958,0.14588199999999998,0.021281599999999998,0.3,0.4,0.3,0.1,0.2,NAGAUR,2015,1,1,71637,161510,2.2545611904462777
331,MOD15A2H_006_Lai_500m_doy2016001_aid0003,2016-01-01,0.1,2.0,0.28418390000000004,0.1574771,0.024799,0.3,0.4,0.2,0.1,0.2,NAGAUR,2016,1,1,60279,160235,2.658222598251464
332,MOD15A2H_006_Lai_500m_doy2017001_aid0003,2017-01-01,0.1,6.2,0.349078,0.19160270000000001,0.0367116,0.5,0.9,0.3,0.1,0.2,NAGAUR,2017,1,1,64949,165199,2.5435187608739165
333,MOD15A2H_006_Lai_500m_doy2018001_aid0003,2018-01-01,0.1,1.9,0.2892848,0.1418547,0.0201228,0.3,0.4,0.2,0.1,0.2,NAGAUR,2018,1,1,53677,142533,2.6553831249883557
334,MOD15A2H_006_Lai_500m_doy2019001_aid0003,2019-01-01,0.1,1.2,0.2722348,0.12059669999999999,0.0145436,0.3,0.4,0.2,0.1,0.2,NAGAUR,2019,1,1,51378,145883,2.839405971427459
335,MOD15A2H_006_Lai_500m_doy2011001_aid0004,2011-01-01,0.1,4.6,0.44627570000000005,0.2383542,0.056812699999999994,0.5,0.8,0.4,0.1,0.3,PALI,2011,1,1,80115,145154,1.8118205080197216
336,MOD15A2H_006_Lai_500m_doy2012001_aid0004,2012-01-01,0.1,2.9,0.3919567,0.22515820000000003,0.0506962,0.5,0.8,0.3,0.1,0.3,PALI,2012,1,1,48464,107092,2.209722680752724
337,MOD15A2H_006_Lai_500m_doy2013001_aid0004,2013-01-01,0.1,3.9,0.44388459999999996,0.2436127,0.0593471,0.5,0.8,0.4,0.1,0.3,PALI,2013,1,1,57098,144534,2.5313320956951206
338,MOD15A2H_006_Lai_500m_doy2014001_aid0004,2014-01-01,0.1,2.8,0.4768544,0.2448665,0.0599596,0.5,0.8,0.4,0.1,0.3,PALI,2014,1,1,47446,129758,2.734856468406188
339,MOD15A2H_006_Lai_500m_doy2015001_aid0004,2015-01-01,0.1,2.7,0.4230481,0.1891006,0.035759,0.5,0.8,0.4,0.1,0.3,PALI,2015,1,1,49826,99960,2.006181511660579
340,MOD15A2H_006_Lai_500m_doy2016001_aid0004,2016-01-01,0.1,4.9,0.46575,0.3277193,0.1074,0.5,0.8,0.4,0.1,0.3,PALI,2016,1,1,61193,157499,2.573807461637769
341,MOD15A2H_006_Lai_500m_doy2017001_aid0004,2017-01-01,0.0,6.7,0.6123248,0.3647849,0.13306800000000002,0.7,1.1,0.5,0.0,0.4,PALI,2017,1,1,92531,265876,2.8733721671655985
342,MOD15A2H_006_Lai_500m_doy2018001_aid0004,2018-01-01,0.0,6.8,0.5878974,0.4223357,0.1783674,0.7,1.3,0.5,0.0,0.3,PALI,2018,1,1,82074,216513,2.6380217852182177
343,MOD15A2H_006_Lai_500m_doy2019001_aid0004,2019-01-01,0.1,2.5,0.3790678,0.1931315,0.03729980000000001,0.5,0.8,0.3,0.1,0.3,PALI,2019,1,1,50085,146542,2.9258660277528197
344,MOD15A2H_006_Lai_500m_doy2011001_aid0005,2011-01-01,0.1,2.1,0.5112013,0.2018767,0.0407542,0.6,0.9,0.5,0.1,0.4,RAJSAMAND,2011,1,1,31898,104462,3.2748761677848144
345,MOD15A2H_006_Lai_500m_doy2012001_aid0005,2012-01-01,0.1,1.4,0.4923827,0.1575506,0.0248222,0.5,0.6,0.5,0.3,0.4,RAJSAMAND,2012,1,1,32314,100979,3.124930370737142
346,MOD15A2H_006_Lai_500m_doy2013001_aid0005,2013-01-01,0.1,1.6,0.47942559999999995,0.1648193,0.0271654,0.5,0.8,0.5,0.1,0.3,RAJSAMAND,2013,1,1,33480,110290,3.294205495818399
347,MOD15A2H_006_Lai_500m_doy2014001_aid0005,2014-01-01,0.1,1.9,0.5202340999999999,0.2116337,0.044788800000000004,0.7,1.3,0.5,0.1,0.3,RAJSAMAND,2014,1,1,30675,89919,2.931344743276284
348,MOD15A2H_006_Lai_500m_doy2015001_aid0005,2015-01-01,0.1,2.7,0.43449319999999997,0.1402948,0.019682599999999998,0.5,0.8,0.4,0.1,0.3,RAJSAMAND,2015,1,1,29541,69577,2.3552689482414277
349,MOD15A2H_006_Lai_500m_doy2016001_aid0005,2016-01-01,0.1,1.6,0.41694040000000004,0.14778629999999998,0.021840799999999997,0.5,0.8,0.4,0.1,0.3,RAJSAMAND,2016,1,1,25946,71148,2.74215678717336
350,MOD15A2H_006_Lai_500m_doy2017001_aid0005,2017-01-01,0.1,3.5,0.5575901,0.2239712,0.050163099999999995,0.7,1.1,0.5,0.1,0.4,RAJSAMAND,2017,1,1,32458,105559,3.252172037710272
351,MOD15A2H_006_Lai_500m_doy2018001_aid0005,2018-01-01,0.1,2.3,0.5389348,0.2017735,0.040712599999999995,0.7,1.1,0.5,0.1,0.4,RAJSAMAND,2018,1,1,34327,112397,3.274303026771929
352,MOD15A2H_006_Lai_500m_doy2019001_aid0005,2019-01-01,0.1,1.3,0.42845479999999997,0.14589520000000003,0.021285400000000003,0.5,0.8,0.4,0.1,0.3,RAJSAMAND,2019,1,1,22479,66677,2.9661906668446107
353,MOD15A2H_006_Lai_500m_doy2011001_aid0006,2011-01-01,0.0,6.7,0.9764378,0.46449840000000003,0.2157587,1.3,2.3,1.0,0.0,0.6,SAWAI MADHOPUR,2011,1,1,84191,291368,3.460797472413916
354,MOD15A2H_006_Lai_500m_doy2012001_aid0006,2012-01-01,0.1,6.7,0.7915906999999999,0.363749,0.1323133,1.0,1.7,0.7,0.1,0.5,SAWAI MADHOPUR,2012,1,1,70125,230402,3.285590017825312
355,MOD15A2H_006_Lai_500m_doy2013001_aid0006,2013-01-01,0.1,3.2,0.9410093,0.44185470000000004,0.1952356,1.2,2.1,0.9,0.1,0.6,SAWAI MADHOPUR,2013,1,1,70003,229909,3.2842735311343803
356,MOD15A2H_006_Lai_500m_doy2014001_aid0006,2014-01-01,0.1,6.2,0.9075428,0.4411526,0.1946156,1.1,1.8,0.9,0.1,0.6,SAWAI MADHOPUR,2014,1,1,77203,218377,2.8286076965921008
357,MOD15A2H_006_Lai_500m_doy2015001_aid0006,2015-01-01,0.0,6.5,1.0959413,0.5800409000000001,0.3364474,1.5,2.8,1.0,0.0,0.6,SAWAI MADHOPUR,2015,1,1,82257,271260,3.2977132645246
358,MOD15A2H_006_Lai_500m_doy2016001_aid0006,2016-01-01,0.2,3.9,0.9102546,0.4933099,0.24335460000000003,1.2,2.2,0.8,0.2,0.5,SAWAI MADHOPUR,2016,1,1,69313,230484,3.3252636590538573
359,MOD15A2H_006_Lai_500m_doy2017001_aid0006,2017-01-01,0.0,6.7,1.2964082000000001,0.7785810000000001,0.6061883000000001,1.7,3.2,1.1,0.0,0.7,SAWAI MADHOPUR,2017,1,1,85337,350076,4.1022768552913735
360,MOD15A2H_006_Lai_500m_doy2018001_aid0006,2018-01-01,0.1,6.7,0.8517398000000002,0.5529704000000001,0.3057763,1.1,2.1,0.7,0.1,0.4,SAWAI MADHOPUR,2018,1,1,64273,251725,3.916496818259611
361,MOD15A2H_006_Lai_500m_doy2019001_aid0006,2019-01-01,0.1,6.5,1.1414178999999998,0.5533465,0.3061923,1.5,2.7,1.1,0.1,0.7,SAWAI MADHOPUR,2019,1,1,70181,300227,4.277895726763654
362,MOD15A2H_006_Lai_500m_doy2011001_aid0007,2011-01-01,0.1,2.1,0.46875029999999995,0.23813520000000002,0.056708400000000006,0.6,1.0,0.5,0.1,0.3,SIKAR,2011,1,1,100483,343783,3.421305096384463
363,MOD15A2H_006_Lai_500m_doy2012001_aid0007,2012-01-01,0.1,3.3,0.425932,0.1919025,0.036826599999999994,0.5,0.8,0.4,0.1,0.3,SIKAR,2012,1,1,100080,292553,2.923191446842526
364,MOD15A2H_006_Lai_500m_doy2013001_aid0007,2013-01-01,0.1,1.4,0.3779883,0.1600039,0.0256012,0.5,0.9,0.3,0.1,0.2,SIKAR,2013,1,1,100128,327293,3.2687460051134547
365,MOD15A2H_006_Lai_500m_doy2014001_aid0007,2014-01-01,0.1,2.0,0.4388431,0.21552539999999998,0.04645119999999999,0.5,0.8,0.4,0.1,0.3,SIKAR,2014,1,1,101345,331358,3.2696038285065865
366,MOD15A2H_006_Lai_500m_doy2015001_aid0007,2015-01-01,0.1,2.5,0.4249053,0.2174866,0.0473004,0.5,0.8,0.3,0.1,0.3,SIKAR,2015,1,1,99558,347485,3.4902770244480603
367,MOD15A2H_006_Lai_500m_doy2016001_aid0007,2016-01-01,0.1,1.6,0.4012354,0.204972,0.0420135,0.5,0.9,0.3,0.1,0.2,SIKAR,2016,1,1,92333,323185,3.5002111920981664
368,MOD15A2H_006_Lai_500m_doy2017001_aid0007,2017-01-01,0.1,1.8,0.45870259999999996,0.22817559999999998,0.052064099999999995,0.6,1.0,0.4,0.1,0.3,SIKAR,2017,1,1,92032,333627,3.6251195236439497
369,MOD15A2H_006_Lai_500m_doy2018001_aid0007,2018-01-01,0.1,2.0,0.41786359999999995,0.22907729999999996,0.0524764,0.6,1.2,0.3,0.1,0.2,SIKAR,2018,1,1,86085,285834,3.3203694023349017
370,MOD15A2H_006_Lai_500m_doy2019001_aid0007,2019-01-01,0.1,1.9,0.42046890000000003,0.1951238,0.0380733,0.5,0.8,0.4,0.1,0.3,SIKAR,2019,1,1,83288,321575,3.8610003842090097
371,MOD15A2H_006_Lai_500m_doy2011001_aid0008,2011-01-01,0.0,3.5,0.6710756999999999,0.27755009999999997,0.0770341,0.8,1.2,0.6,0.1,0.5,SIROHI,2011,1,1,39045,114373,2.9292611089768217
372,MOD15A2H_006_Lai_500m_doy2012001_aid0008,2012-01-01,0.1,2.2,0.6180438,0.24875039999999998,0.0618768,0.7,1.0,0.6,0.2,0.5,SIROHI,2012,1,1,37254,101128,2.714554141837118
373,MOD15A2H_006_Lai_500m_doy2013001_aid0008,2013-01-01,0.1,1.9,0.6132805,0.2612223,0.06823710000000001,0.7,1.1,0.6,0.1,0.4,SIROHI,2013,1,1,35949,99139,2.757767949038916
374,MOD15A2H_006_Lai_500m_doy2014001_aid0008,2014-01-01,0.1,2.4,0.6619718000000001,0.2991647,0.0894995,0.8,1.2,0.6,0.1,0.5,SIROHI,2014,1,1,34035,94095,2.7646540326134863
375,MOD15A2H_006_Lai_500m_doy2015001_aid0008,2015-01-01,0.1,2.5,0.5615,0.2438605,0.0594679,0.7,1.1,0.5,0.1,0.4,SIROHI,2015,1,1,26851,62377,2.3230792149268185
376,MOD15A2H_006_Lai_500m_doy2016001_aid0008,2016-01-01,0.1,2.7,0.6320998000000001,0.2768217,0.0766302,0.7,1.0,0.6,0.2,0.5,SIROHI,2016,1,1,34226,91608,2.6765616782562964
377,MOD15A2H_006_Lai_500m_doy2017001_aid0008,2017-01-01,0.0,5.8,0.703713,0.29389829999999995,0.0863762,0.8,1.2,0.7,0.1,0.5,SIROHI,2017,1,1,37509,108650,2.8966381401796903
378,MOD15A2H_006_Lai_500m_doy2018001_aid0008,2018-01-01,0.1,3.3,0.7787561,0.3661242,0.1340469,1.0,1.7,0.7,0.1,0.5,SIROHI,2018,1,1,22239,66374,2.9845766446333015
379,MOD15A2H_006_Lai_500m_doy2019001_aid0008,2019-01-01,0.1,2.0,0.4810167,0.2402208,0.05770599999999999,0.6,1.0,0.4,0.1,0.3,SIROHI,2019,1,1,29066,87890,3.023807885501961
380,MOD15A2H_006_Lai_500m_doy2011001_aid0009,2011-01-01,0.0,3.2,0.6935401999999999,0.3519636,0.12387839999999999,0.9,1.6,0.6,0.0,0.4,TONK,2011,1,1,88632,284497,3.2098677678490843
381,MOD15A2H_006_Lai_500m_doy2012001_aid0009,2012-01-01,0.0,7.0,0.7042734,0.3002422,0.0901454,0.9,1.5,0.7,0.0,0.5,TONK,2012,1,1,67431,233365,3.4607969628212545
382,MOD15A2H_006_Lai_500m_doy2013001_aid0009,2013-01-01,0.0,7.0,0.8805678,0.4133853,0.1708874,1.1,2.0,0.7,0.0,0.5,TONK,2013,1,1,61769,211218,3.4194822645663683
383,MOD15A2H_006_Lai_500m_doy2014001_aid0009,2014-01-01,0.0,7.0,0.8247329,0.3749074,0.1405556,1.0,1.6,0.8,0.0,0.6,TONK,2014,1,1,58416,200010,3.4238907148726376
384,MOD15A2H_006_Lai_500m_doy2015001_aid0009,2015-01-01,0.0,7.0,1.0102912,0.5155291,0.2657703,1.4,2.6,1.0,0.0,0.6,TONK,2015,1,1,66376,138758,2.0904845124743883
385,MOD15A2H_006_Lai_500m_doy2016001_aid0009,2016-01-01,0.0,7.0,0.8773394,0.5403760999999999,0.2920063,1.2,2.2,0.7,0.0,0.5,TONK,2016,1,1,51468,160971,3.127593844719049
386,MOD15A2H_006_Lai_500m_doy2017001_aid0009,2017-01-01,0.0,7.0,1.1312981000000002,0.5844855999999999,0.3416234,1.6,2.9,1.0,0.0,0.7,TONK,2017,1,1,69184,250843,3.6257371646623495
387,MOD15A2H_006_Lai_500m_doy2018001_aid0009,2018-01-01,0.1,7.0,0.8501976000000001,0.5023327000000001,0.2523381,1.1,2.0,0.7,0.1,0.5,TONK,2018,1,1,45842,152773,3.3325989267483966
388,MOD15A2H_006_Lai_500m_doy2019001_aid0009,2019-01-01,0.1,6.5,0.9735812,0.5076605,0.25771910000000003,1.3,2.3,0.8,0.1,0.6,TONK,2019,1,1,40139,143883,3.584618450883181
389,MOD15A2H_006_Lai_500m_doy2011001_aid0010,2011-01-01,0.1,3.4,0.7170803000000001,0.3169468,0.1004553,0.9,1.5,0.7,0.1,0.5,UDAIPUR,2011,1,1,55118,131966,2.3942450742044343
390,MOD15A2H_006_Lai_500m_doy2012001_aid0010,2012-01-01,0.0,7.0,0.6417089,0.2672806,0.07143889999999999,0.7,1.0,0.6,0.2,0.5,UDAIPUR,2012,1,1,71948,201479,2.800341913604269
391,MOD15A2H_006_Lai_500m_doy2013001_aid0010,2013-01-01,0.0,7.0,0.6329714,0.2769447,0.07669839999999999,0.7,1.0,0.6,0.2,0.5,UDAIPUR,2013,1,1,72678,178517,2.456272874872726
392,MOD15A2H_006_Lai_500m_doy2014001_aid0010,2014-01-01,0.1,7.0,0.7393238,0.3087708,0.09533939999999999,0.9,1.5,0.7,0.1,0.5,UDAIPUR,2014,1,1,70717,200803,2.839529391801123
393,MOD15A2H_006_Lai_500m_doy2015001_aid0010,2015-01-01,0.0,7.0,0.5838558,0.24384499999999998,0.059460400000000004,0.7,1.1,0.5,0.0,0.4,UDAIPUR,2015,1,1,76849,193315,2.515517443297896
394,MOD15A2H_006_Lai_500m_doy2016001_aid0010,2016-01-01,0.0,7.0,0.5906596,0.26848890000000003,0.0720863,0.7,1.1,0.5,0.0,0.4,UDAIPUR,2016,1,1,74822,210840,2.8178877870145143
395,MOD15A2H_006_Lai_500m_doy2017001_aid0010,2017-01-01,0.0,7.0,0.7177631999999999,0.3171903,0.1006097,0.9,1.5,0.7,0.0,0.5,UDAIPUR,2017,1,1,80410,250975,3.1211913941052107
396,MOD15A2H_006_Lai_500m_doy2018001_aid0010,2018-01-01,0.0,7.0,0.7158378000000001,0.3118264,0.0972357,0.9,1.5,0.7,0.0,0.5,UDAIPUR,2018,1,1,80937,229859,2.8399743009995433
397,MOD15A2H_006_Lai_500m_doy2019001_aid0010,2019-01-01,0.0,7.0,0.5967388000000001,0.26534709999999995,0.0704091,0.7,1.1,0.5,0.0,0.4,UDAIPUR,2019,1,1,74793,217764,2.9115558942681803
398,MOD15A2H_006_Lai_500m_doy2011001_aid0011,2011-01-01,0.1,2.0,0.3924908,0.15505510000000003,0.0240421,0.5,0.8,0.3,0.1,0.3,AJMER,2011,1,1,64322,207905,3.2322533503311464
399,MOD15A2H_006_Lai_500m_doy2012001_aid0011,2012-01-01,0.1,7.0,0.4248567,0.1755536,0.0308191,0.5,0.8,0.4,0.1,0.3,AJMER,2012,1,1,46550,146725,3.151987110633727
400,MOD15A2H_006_Lai_500m_doy2013001_aid0011,2013-01-01,0.1,2.1,0.4627945,0.20812489999999997,0.043316,0.5,0.8,0.4,0.1,0.3,AJMER,2013,1,1,66027,219014,3.317036969724507
401,MOD15A2H_006_Lai_500m_doy2014001_aid0011,2014-01-01,0.0,4.1,0.5450355,0.2449834,0.0600169,0.7,1.1,0.5,0.0,0.4,AJMER,2014,1,1,56000,193073,3.4477321428571432
402,MOD15A2H_006_Lai_500m_doy2015001_aid0011,2015-01-01,0.0,2.8,0.47644620000000004,0.2577146,0.0664168,0.5,0.8,0.4,0.0,0.3,AJMER,2015,1,1,62442,131969,2.113465295794497
403,MOD15A2H_006_Lai_500m_doy2016001_aid0011,2016-01-01,0.1,7.0,0.4084252,0.253492,0.0642582,0.5,0.8,0.3,0.1,0.3,AJMER,2016,1,1,42294,116787,2.761313661512271
404,MOD15A2H_006_Lai_500m_doy2017001_aid0011,2017-01-01,0.1,6.3,0.6318785,0.32006100000000004,0.1024391,0.7,1.0,0.5,0.2,0.5,AJMER,2017,1,1,55466,185014,3.3356290340028125
405,MOD15A2H_006_Lai_500m_doy2018001_aid0011,2018-01-01,0.1,3.3,0.43947829999999993,0.230159,0.0529732,0.5,0.8,0.4,0.1,0.3,AJMER,2018,1,1,40328,128011,3.174246181313232
406,MOD15A2H_006_Lai_500m_doy2019001_aid0011,2019-01-01,0.1,2.7,0.43088909999999997,0.21611439999999998,0.0467054,0.5,0.8,0.4,0.1,0.3,AJMER,2019,1,1,34787,120782,3.4720441544255034
407,MOD15A2H_006_Lai_500m_doy2011001_aid0012,2011-01-01,0.0,7.0,0.6869854999999999,0.385344,0.14849,1.0,1.9,0.6,0.0,0.4,ALWAR,2011,1,1,193992,816059,4.206663161367478
408,MOD15A2H_006_Lai_500m_doy2012001_aid0012,2012-01-01,0.1,6.1,0.7126178000000001,0.2894395,0.0837752,1.0,1.7,0.7,0.1,0.5,ALWAR,2012,1,1,185167,727380,3.9282377529473393
409,MOD15A2H_006_Lai_500m_doy2013001_aid0012,2013-01-01,0.1,2.9,0.7207281999999999,0.2485926,0.06179830000000001,0.9,1.5,0.7,0.1,0.5,ALWAR,2013,1,1,204967,837412,4.085594266394104
410,MOD15A2H_006_Lai_500m_doy2014001_aid0012,2014-01-01,0.1,4.8,0.9221279,0.3716643,0.13813440000000002,1.2,2.1,1.0,0.1,0.6,ALWAR,2014,1,1,208206,825344,3.964074042054504
411,MOD15A2H_006_Lai_500m_doy2015001_aid0012,2015-01-01,0.1,6.3,0.8709921999999999,0.4290161,0.1840548,1.2,2.2,0.9,0.1,0.5,ALWAR,2015,1,1,219063,757957,3.459995526401081
412,MOD15A2H_006_Lai_500m_doy2016001_aid0012,2016-01-01,0.1,4.7,0.8763915000000001,0.44288879999999997,0.1961505,1.2,2.2,0.9,0.1,0.5,ALWAR,2016,1,1,213011,776427,3.645008943200117
413,MOD15A2H_006_Lai_500m_doy2017001_aid0012,2017-01-01,0.1,6.9,0.9467546,0.4313316,0.18604690000000002,1.2,2.1,1.0,0.1,0.6,ALWAR,2017,1,1,215678,941457,4.365104461280241
414,MOD15A2H_006_Lai_500m_doy2018001_aid0012,2018-01-01,0.1,6.5,0.9079309999999999,0.49122319999999997,0.2413002,1.3,2.5,0.9,0.1,0.5,ALWAR,2018,1,1,203829,875183,4.293711885943609
415,MOD15A2H_006_Lai_500m_doy2019001_aid0012,2019-01-01,0.1,3.0,0.8914298,0.4117661,0.1695514,1.2,2.2,1.0,0.1,0.5,ALWAR,2019,1,1,192419,883624,4.592186842255702
416,MOD15A2H_006_Lai_500m_doy2011001_aid0013,2011-01-01,0.0,6.4,0.6808708000000001,0.3747025,0.1404019,0.8,1.4,0.6,0.0,0.4,BANSWARA,2011,1,1,86052,176322,2.0490168735183376
417,MOD15A2H_006_Lai_500m_doy2012001_aid0013,2012-01-01,0.0,5.9,0.6345034,0.3219007,0.1036201,0.7,1.1,0.6,0.0,0.4,BANSWARA,2012,1,1,87177,203751,2.337210502770226
418,MOD15A2H_006_Lai_500m_doy2013001_aid0013,2013-01-01,0.0,2.2,0.5842123,0.2624547,0.0688825,0.7,1.1,0.6,0.0,0.4,BANSWARA,2013,1,1,87975,186789,2.123205456095482
419,MOD15A2H_006_Lai_500m_doy2014001_aid0013,2014-01-01,0.0,7.0,0.7237406,0.3999626,0.1599701,0.9,1.5,0.7,0.0,0.5,BANSWARA,2014,1,1,89620,202260,2.2568623075206427
420,MOD15A2H_006_Lai_500m_doy2015001_aid0013,2015-01-01,0.0,7.0,0.6426208999999999,0.3212934,0.10322939999999999,0.8,1.4,0.6,0.0,0.4,BANSWARA,2015,1,1,88181,195462,2.216599947834568
421,MOD15A2H_006_Lai_500m_doy2016001_aid0013,2016-01-01,0.0,7.0,0.6442747,0.4691152,0.22006910000000002,0.8,1.5,0.5,0.0,0.3,BANSWARA,2016,1,1,84533,170917,2.0218967740409077
422,MOD15A2H_006_Lai_500m_doy2017001_aid0013,2017-01-01,0.0,6.4,0.7597798000000001,0.4096666,0.1678267,0.9,1.5,0.7,0.0,0.5,BANSWARA,2017,1,1,82693,168950,2.0430991740534266
423,MOD15A2H_006_Lai_500m_doy2018001_aid0013,2018-01-01,0.1,7.0,0.8015062,0.47818299999999997,0.228659,1.0,1.7,0.7,0.1,0.5,BANSWARA,2018,1,1,87368,205912,2.3568354546286967
424,MOD15A2H_006_Lai_500m_doy2019001_aid0013,2019-01-01,0.1,6.7,0.7356341,0.4095736,0.16775050000000002,0.9,1.5,0.7,0.1,0.5,BANSWARA,2019,1,1,101344,259066,2.5563032838648563
425,MOD15A2H_006_Lai_500m_doy2011001_aid0014,2011-01-01,0.1,6.7,0.9812113000000001,0.6323103,0.3998163,1.3,2.5,0.9,0.1,0.5,BARAN,2011,1,1,147930,514045,3.4749205705401205
426,MOD15A2H_006_Lai_500m_doy2012001_aid0014,2012-01-01,0.1,7.0,0.9136774,0.5139307,0.2641248,1.2,2.2,0.8,0.1,0.5,BARAN,2012,1,1,142589,543296,3.8102237900539313
427,MOD15A2H_006_Lai_500m_doy2013001_aid0014,2013-01-01,0.1,6.7,1.0467754999999999,0.6256181,0.391398,1.4,2.7,1.0,0.1,0.5,BARAN,2013,1,1,167037,730536,4.37349808725013
428,MOD15A2H_006_Lai_500m_doy2014001_aid0014,2014-01-01,0.0,7.0,1.0538718999999999,0.6934129,0.4808215,1.5,3.0,1.0,0.0,0.5,BARAN,2014,1,1,162852,551485,3.3864183430353942
429,MOD15A2H_006_Lai_500m_doy2015001_aid0014,2015-01-01,0.1,7.0,1.2754096000000001,0.9321404000000001,0.8688857,1.8,3.6,1.0,0.1,0.6,BARAN,2015,1,1,174319,667888,3.8314125253127886
430,MOD15A2H_006_Lai_500m_doy2016001_aid0014,2016-01-01,0.1,6.7,1.1144628,0.7178669,0.515333,1.6,3.2,1.0,0.1,0.5,BARAN,2016,1,1,159434,670807,4.2074275248692246
431,MOD15A2H_006_Lai_500m_doy2017001_aid0014,2017-01-01,0.1,6.9,1.1533841,0.7028229,0.49396,1.5,2.8,1.0,0.1,0.6,BARAN,2017,1,1,163267,740053,4.5327775974324265
432,MOD15A2H_006_Lai_500m_doy2018001_aid0014,2018-01-01,0.1,6.7,1.1252991,0.7606489000000001,0.5785868000000001,1.6,3.2,1.0,0.1,0.5,BARAN,2018,1,1,115747,535052,4.622599289830406
433,MOD15A2H_006_Lai_500m_doy2019001_aid0014,2019-01-01,0.1,6.8,1.3340155,0.8479924000000001,0.7190911999999999,1.9,3.7,1.1,0.1,0.7,BARAN,2019,1,1,145939,724978,4.967678276540198
434,MOD15A2H_006_Lai_500m_doy2011001_aid0015,2011-01-01,0.0,2.0,0.23409380000000002,0.0930555,0.008659299999999998,0.2,0.2,0.2,0.2,0.2,BARMER,2011,1,1,16732,24526,1.4658140090843892
435,MOD15A2H_006_Lai_500m_doy2012001_aid0015,2012-01-01,0.1,1.6,0.2318276,0.0686184,0.0047085,0.2,0.2,0.2,0.2,0.2,BARMER,2012,1,1,11659,14405,1.2355262029333562
436,MOD15A2H_006_Lai_500m_doy2013001_aid0015,2013-01-01,0.1,1.4,0.22196559999999999,0.0766027,0.005868,0.2,0.2,0.2,0.2,0.2,BARMER,2013,1,1,12613,17137,1.358677554903671
437,MOD15A2H_006_Lai_500m_doy2014001_aid0015,2014-01-01,0.1,2.4,0.23144770000000003,0.0969131,0.0093921,0.2,0.2,0.2,0.2,0.2,BARMER,2014,1,1,14020,20346,1.4512125534950069
438,MOD15A2H_006_Lai_500m_doy2015001_aid0015,2015-01-01,0.1,2.0,0.2069946,0.0868946,0.0075507000000000005,0.2,0.2,0.2,0.2,0.2,BARMER,2015,1,1,13525,14091,1.0418484288354901
439,MOD15A2H_006_Lai_500m_doy2016001_aid0015,2016-01-01,0.1,1.5,0.22300709999999999,0.0833893,0.0069537999999999996,0.2,0.2,0.2,0.2,0.2,BARMER,2016,1,1,14642,20510,1.4007649228247507
440,MOD15A2H_006_Lai_500m_doy2017001_aid0015,2017-01-01,0.1,1.7,0.23376329999999998,0.09400080000000001,0.008836100000000001,0.2,0.2,0.2,0.2,0.2,BARMER,2017,1,1,17612,21638,1.2285941403588465
441,MOD15A2H_006_Lai_500m_doy2018001_aid0015,2018-01-01,0.1,2.2,0.2435712,0.09991069999999999,0.009982099999999999,0.3,0.4,0.2,0.1,0.2,BARMER,2018,1,1,14541,21974,1.5111752974348394
442,MOD15A2H_006_Lai_500m_doy2019001_aid0015,2019-01-01,0.1,1.4,0.1960998,0.0740633,0.0054854,0.2,0.2,0.2,0.2,0.2,BARMER,2019,1,1,16188,27939,1.7259080800593032
443,MOD15A2H_006_Lai_500m_doy2011001_aid0016,2011-01-01,0.0,5.2,0.6010489,0.3998125,0.1598501,0.9,1.8,0.6,0.0,0.3,BHARATPUR,2011,1,1,157196,704731,4.4831357031985535
444,MOD15A2H_006_Lai_500m_doy2012001_aid0016,2012-01-01,0.1,3.4,0.9128068000000001,0.3446893,0.11881069999999999,1.1,1.7,1.0,0.1,0.7,BHARATPUR,2012,1,1,155304,668993,4.307635347447587
445,MOD15A2H_006_Lai_500m_doy2013001_aid0016,2013-01-01,0.1,5.3,0.9620439000000001,0.3535241,0.12497930000000002,1.2,1.9,1.0,0.1,0.7,BHARATPUR,2013,1,1,134784,588118,4.36341108736942
446,MOD15A2H_006_Lai_500m_doy2014001_aid0016,2014-01-01,0.1,5.3,1.1091211,0.40767070000000005,0.1661954,1.4,2.1,1.1,0.2,0.9,BHARATPUR,2014,1,1,155130,668117,4.306820086379166
447,MOD15A2H_006_Lai_500m_doy2015001_aid0016,2015-01-01,0.1,3.6,1.0321642,0.40057209999999993,0.160458,1.3,2.2,1.0,0.1,0.7,BHARATPUR,2015,1,1,165751,604169,3.6450398489300215
448,MOD15A2H_006_Lai_500m_doy2016001_aid0016,2016-01-01,0.1,6.4,1.0809577,0.4409785,0.194462,1.4,2.3,1.1,0.1,0.8,BHARATPUR,2016,1,1,160073,610124,3.8115359867060654
449,MOD15A2H_006_Lai_500m_doy2017001_aid0016,2017-01-01,0.1,6.7,1.2843076,0.5823656,0.33914970000000005,1.6,2.5,1.3,0.1,1.0,BHARATPUR,2017,1,1,160510,713881,4.4475795900566935
450,MOD15A2H_006_Lai_500m_doy2018001_aid0016,2018-01-01,0.1,6.6,1.1103068,0.5376642,0.2890828,1.4,2.4,1.1,0.1,0.7,BHARATPUR,2018,1,1,156374,661118,4.22780001790579
451,MOD15A2H_006_Lai_500m_doy2019001_aid0016,2019-01-01,0.1,5.2,1.2226948999999998,0.43732170000000004,0.19125029999999998,1.5,2.2,1.3,0.3,1.0,BHARATPUR,2019,1,1,142726,675635,4.733790619788966
452,MOD15A2H_006_Lai_500m_doy2011001_aid0017,2011-01-01,0.0,3.6,0.5299939,0.2736687,0.0748946,0.6,1.0,0.5,0.0,0.3,BHILWARA,2011,1,1,118780,307983,2.592886007745412
453,MOD15A2H_006_Lai_500m_doy2012001_aid0017,2012-01-01,0.1,2.6,0.4884011,0.19006900000000002,0.0361262,0.5,0.8,0.5,0.1,0.3,BHILWARA,2012,1,1,109581,318262,2.904353856964254
454,MOD15A2H_006_Lai_500m_doy2013001_aid0017,2013-01-01,0.1,2.3,0.5011967,0.1983319,0.0393355,0.6,0.9,0.5,0.1,0.4,BHILWARA,2013,1,1,121786,413835,3.3980506790599905
455,MOD15A2H_006_Lai_500m_doy2014001_aid0017,2014-01-01,0.1,3.6,0.6349505,0.3134558,0.0982545,0.8,1.4,0.6,0.1,0.4,BHILWARA,2014,1,1,124466,448391,3.6025179567110697
456,MOD15A2H_006_Lai_500m_doy2015001_aid0017,2015-01-01,0.0,4.1,0.5139822000000001,0.2477584,0.0613842,0.6,1.0,0.5,0.0,0.3,BHILWARA,2015,1,1,137224,281870,2.0540867486737016
457,MOD15A2H_006_Lai_500m_doy2016001_aid0017,2016-01-01,0.1,2.5,0.44915299999999997,0.2317597,0.0537125,0.5,0.8,0.4,0.1,0.3,BHILWARA,2016,1,1,89640,274281,3.0598058902275764
458,MOD15A2H_006_Lai_500m_doy2017001_aid0017,2017-01-01,0.0,6.7,0.6530382,0.3337658,0.11139960000000002,0.7,1.0,0.6,0.2,0.5,BHILWARA,2017,1,1,139795,503063,3.5985764869988195
459,MOD15A2H_006_Lai_500m_doy2018001_aid0017,2018-01-01,0.1,6.5,0.5470366,0.25341410000000003,0.0642187,0.7,1.1,0.5,0.1,0.4,BHILWARA,2018,1,1,102802,341133,3.3183498375517986
460,MOD15A2H_006_Lai_500m_doy2019001_aid0017,2019-01-01,0.1,2.8,0.5347685000000001,0.21016220000000002,0.044168099999999995,0.6,0.9,0.5,0.1,0.4,BHILWARA,2019,1,1,91237,340531,3.732378311430669
461,MOD15A2H_006_Lai_500m_doy2011001_aid0018,2011-01-01,0.0,1.3,0.1400867,0.06654260000000001,0.004427899999999999,0.2,0.3,0.1,0.0,0.1,BIKANER,2011,1,1,79123,233437,2.9503052209850487
462,MOD15A2H_006_Lai_500m_doy2012001_aid0018,2012-01-01,0.0,1.0,0.1833257,0.0907495,0.0082355,0.2,0.3,0.2,0.0,0.1,BIKANER,2012,1,1,84175,209882,2.4934006534006534
463,MOD15A2H_006_Lai_500m_doy2013001_aid0018,2013-01-01,0.1,0.9,0.1610522,0.08046089999999999,0.006474,0.2,0.3,0.1,0.1,0.1,BIKANER,2013,1,1,94731,230363,2.4317594029409597
464,MOD15A2H_006_Lai_500m_doy2014001_aid0018,2014-01-01,0.1,1.2,0.17937979999999998,0.1133877,0.012856799999999998,0.2,0.3,0.2,0.1,0.1,BIKANER,2014,1,1,116365,287266,2.4686632578524472
465,MOD15A2H_006_Lai_500m_doy2015001_aid0018,2015-01-01,0.1,1.1,0.19426310000000002,0.1062237,0.0112835,0.2,0.3,0.2,0.1,0.1,BIKANER,2015,1,1,120347,242416,2.0143086242282733
466,MOD15A2H_006_Lai_500m_doy2016001_aid0018,2016-01-01,0.1,1.3,0.2190955,0.1306382,0.0170663,0.2,0.3,0.2,0.1,0.1,BIKANER,2016,1,1,114460,282005,2.4637864756246723
467,MOD15A2H_006_Lai_500m_doy2017001_aid0018,2017-01-01,0.1,1.6,0.20670500000000003,0.1236981,0.015301200000000001,0.2,0.3,0.2,0.1,0.1,BIKANER,2017,1,1,113183,282654,2.4973185018951614
468,MOD15A2H_006_Lai_500m_doy2018001_aid0018,2018-01-01,0.1,1.4,0.210548,0.1534536,0.023548,0.2,0.3,0.2,0.1,0.1,BIKANER,2018,1,1,108299,271413,2.506145024423125
469,MOD15A2H_006_Lai_500m_doy2019001_aid0018,2019-01-01,0.1,1.5,0.2050866,0.1391522,0.019363299999999996,0.2,0.3,0.2,0.1,0.1,BIKANER,2019,1,1,105603,287989,2.7270910864274693
470,MOD15A2H_006_Lai_500m_doy2011001_aid0019,2011-01-01,0.0,3.8,0.7306238,0.41228630000000005,0.16998,1.0,1.9,0.7,0.0,0.4,BUNDI,2011,1,1,150244,570970,3.8002848699448895
471,MOD15A2H_006_Lai_500m_doy2012001_aid0019,2012-01-01,0.0,6.2,0.7807917,0.4776432,0.22814310000000002,1.0,1.9,0.7,0.0,0.4,BUNDI,2012,1,1,155833,707009,4.536965854472416
472,MOD15A2H_006_Lai_500m_doy2013001_aid0019,2013-01-01,0.1,6.8,0.8330503,0.5342461,0.28541890000000003,1.1,2.1,0.7,0.1,0.4,BUNDI,2013,1,1,154109,678060,4.399872817291658
473,MOD15A2H_006_Lai_500m_doy2014001_aid0019,2014-01-01,0.1,7.0,0.7474244000000001,0.4129152,0.170499,1.0,1.9,0.7,0.1,0.4,BUNDI,2014,1,1,160285,607915,3.7927129800043673
474,MOD15A2H_006_Lai_500m_doy2015001_aid0019,2015-01-01,0.0,6.8,0.9399789000000001,0.6383314,0.4074669,1.2,2.2,0.8,0.0,0.5,BUNDI,2015,1,1,172991,368763,2.13168893179414
475,MOD15A2H_006_Lai_500m_doy2016001_aid0019,2016-01-01,0.0,6.7,0.9063738000000001,0.643921,0.4146343,1.2,2.2,0.7,0.0,0.5,BUNDI,2016,1,1,154914,646200,4.171346682675549
476,MOD15A2H_006_Lai_500m_doy2017001_aid0019,2017-01-01,0.1,6.7,1.0632703000000001,0.7534571999999999,0.5676977,1.4,2.7,0.9,0.1,0.5,BUNDI,2017,1,1,162248,705978,4.351227750110941
477,MOD15A2H_006_Lai_500m_doy2018001_aid0019,2018-01-01,0.1,6.8,1.0090569,0.8867790000000001,0.7863770999999999,1.3,2.5,0.7,0.1,0.5,BUNDI,2018,1,1,146747,605429,4.125665260618615
478,MOD15A2H_006_Lai_500m_doy2019001_aid0019,2019-01-01,0.1,6.0,0.8845806,0.5455818,0.29765949999999997,1.1,2.0,0.7,0.1,0.5,BUNDI,2019,1,1,147557,658540,4.462953299402941
479,MOD15A2H_006_Lai_500m_doy2011001_aid0021,2011-01-01,0.0,7.0,0.1263673,0.0812308,0.006598399999999999,0.2,0.3,0.1,0.0,0.1,CHURU,2011,1,1,27504,64769,2.3548938336242
480,MOD15A2H_006_Lai_500m_doy2012001_aid0021,2012-01-01,0.1,1.4,0.2143699,0.0700725,0.0049102,0.2,0.2,0.2,0.2,0.2,CHURU,2012,1,1,24469,26110,1.0670644488945196
481,MOD15A2H_006_Lai_500m_doy2013001_aid0021,2013-01-01,0.0,1.5,0.1659965,0.0854629,0.0073039,0.2,0.3,0.2,0.0,0.1,CHURU,2013,1,1,29668,62135,2.094344074423621
482,MOD15A2H_006_Lai_500m_doy2014001_aid0021,2014-01-01,0.1,1.6,0.1994098,0.1049101,0.011006100000000001,0.2,0.3,0.2,0.1,0.1,CHURU,2014,1,1,33368,69914,2.0952409494126107
483,MOD15A2H_006_Lai_500m_doy2015001_aid0021,2015-01-01,0.1,2.0,0.21451260000000003,0.1131788,0.012809399999999999,0.2,0.2,0.2,0.2,0.2,CHURU,2015,1,1,32072,51944,1.6196058867548018
484,MOD15A2H_006_Lai_500m_doy2016001_aid0021,2016-01-01,0.1,1.4,0.2149282,0.1063005,0.011299799999999999,0.2,0.2,0.2,0.2,0.2,CHURU,2016,1,1,32861,74161,2.2568089832932654
485,MOD15A2H_006_Lai_500m_doy2017001_aid0021,2017-01-01,0.1,1.7,0.24094870000000002,0.1440047,0.0207373,0.3,0.4,0.2,0.1,0.2,CHURU,2017,1,1,35143,71736,2.0412599948780694
486,MOD15A2H_006_Lai_500m_doy2018001_aid0021,2018-01-01,0.1,2.0,0.2382244,0.1469599,0.0215972,0.2,0.2,0.2,0.2,0.2,CHURU,2018,1,1,33489,73283,2.188270775478516
487,MOD15A2H_006_Lai_500m_doy2019001_aid0021,2019-01-01,0.1,1.6,0.22356260000000003,0.1279086,0.0163606,0.2,0.2,0.2,0.2,0.2,CHURU,2019,1,1,33554,77768,2.3176968468736963
488,MOD15A2H_006_Lai_500m_doy2011001_aid0022,2011-01-01,0.1,3.5,0.8603068000000001,0.3771125,0.1422138,1.0,1.6,0.8,0.1,0.6,DAUSA,2011,1,1,94455,335173,3.5484939918479705
489,MOD15A2H_006_Lai_500m_doy2012001_aid0022,2012-01-01,0.1,2.5,0.6927846,0.2812833,0.07912029999999999,0.8,1.2,0.6,0.1,0.5,DAUSA,2012,1,1,87883,331343,3.7702741144476177
490,MOD15A2H_006_Lai_500m_doy2013001_aid0022,2013-01-01,0.2,2.3,0.7225862,0.2702792,0.0730508,0.9,1.5,0.7,0.2,0.5,DAUSA,2013,1,1,91312,338857,3.7109799369195726
491,MOD15A2H_006_Lai_500m_doy2014001_aid0022,2014-01-01,0.2,6.7,0.9456223,0.41524979999999995,0.17243239999999999,1.2,1.9,0.9,0.2,0.7,DAUSA,2014,1,1,95716,355461,3.713705127669355
492,MOD15A2H_006_Lai_500m_doy2015001_aid0022,2015-01-01,0.0,5.3,0.8936036,0.4905357,0.24062529999999996,1.1,2.0,0.7,0.0,0.5,DAUSA,2015,1,1,103644,373078,3.5996102041603955
493,MOD15A2H_006_Lai_500m_doy2016001_aid0022,2016-01-01,0.1,3.6,0.8068059,0.46380950000000004,0.2151192,1.0,1.7,0.7,0.1,0.5,DAUSA,2016,1,1,99613,379886,3.8136187043859735
494,MOD15A2H_006_Lai_500m_doy2017001_aid0022,2017-01-01,0.1,6.9,0.9643441999999999,0.5962314000000001,0.35549179999999997,1.2,2.1,0.8,0.1,0.6,DAUSA,2017,1,1,102485,418634,4.0848319266234085
495,MOD15A2H_006_Lai_500m_doy2018001_aid0022,2018-01-01,0.2,5.2,0.7432345,0.45525290000000007,0.2072552,1.0,1.9,0.6,0.2,0.4,DAUSA,2018,1,1,90546,390089,4.3081858944624845
496,MOD15A2H_006_Lai_500m_doy2019001_aid0022,2019-01-01,0.1,3.8,0.8112180999999999,0.477101,0.22762529999999997,1.0,1.7,0.7,0.1,0.5,DAUSA,2019,1,1,85773,371052,4.325976705956419
497,MOD15A2H_006_Lai_500m_doy2011001_aid0024,2011-01-01,0.1,2.1,0.5962706999999999,0.220313,0.048537800000000006,0.7,1.0,0.6,0.2,0.5,DUNGARPUR,2011,1,1,37334,58101,1.556248995553651
498,MOD15A2H_006_Lai_500m_doy2012001_aid0024,2012-01-01,0.1,1.9,0.5681286999999999,0.17255,0.0297735,0.7,1.0,0.5,0.2,0.5,DUNGARPUR,2012,1,1,45085,90785,2.0136409005212377
499,MOD15A2H_006_Lai_500m_doy2013001_aid0024,2013-01-01,0.1,2.5,0.5479183000000001,0.1714248,0.0293865,0.7,1.0,0.5,0.2,0.5,DUNGARPUR,2013,1,1,45749,78533,1.7166058274497804
500,MOD15A2H_006_Lai_500m_doy2014001_aid0024,2014-01-01,0.1,2.8,0.6458366,0.2270286,0.051542,0.7,1.0,0.7,0.2,0.5,DUNGARPUR,2014,1,1,47474,90477,1.9058221342208368
501,MOD15A2H_006_Lai_500m_doy2015001_aid0024,2015-01-01,0.1,4.2,0.5006624,0.189297,0.0358334,0.6,0.9,0.5,0.1,0.4,DUNGARPUR,2015,1,1,46208,86772,1.8778566481994459
502,MOD15A2H_006_Lai_500m_doy2016001_aid0024,2016-01-01,0.1,2.4,0.49158409999999997,0.1841316,0.033904500000000004,0.6,1.0,0.5,0.1,0.3,DUNGARPUR,2016,1,1,43949,79296,1.8042731347698469
503,MOD15A2H_006_Lai_500m_doy2017001_aid0024,2017-01-01,0.1,3.5,0.6290938,0.1991525,0.039661699999999994,0.7,1.0,0.6,0.2,0.5,DUNGARPUR,2017,1,1,46988,97791,2.081190942368264
504,MOD15A2H_006_Lai_500m_doy2018001_aid0024,2018-01-01,0.1,2.4,0.7174107,0.2494449,0.06222280000000001,0.8,1.1,0.7,0.3,0.6,DUNGARPUR,2018,1,1,47729,110597,2.317186616103417
505,MOD15A2H_006_Lai_500m_doy2019001_aid0024,2019-01-01,0.1,1.9,0.5737727,0.1920294,0.03687530000000001,0.7,1.0,0.6,0.2,0.5,DUNGARPUR,2019,1,1,47295,101283,2.1415160164922296
506,MOD15A2H_006_Lai_500m_doy2011001_aid0025,2011-01-01,0.0,6.7,0.13144229999999998,0.1558859,0.024300400000000003,0.1,0.1,0.1,0.1,0.1,GANGANAGAR,2011,1,1,236076,1049386,4.445119368339009
507,MOD15A2H_006_Lai_500m_doy2012001_aid0025,2012-01-01,0.1,1.2,0.3707893,0.1899013,0.0360625,0.5,0.9,0.3,0.1,0.2,GANGANAGAR,2012,1,1,252690,1001106,3.96179508488662
508,MOD15A2H_006_Lai_500m_doy2013001_aid0025,2013-01-01,0.0,7.0,0.1393829,0.1130513,0.0127806,0.2,0.3,0.1,0.0,0.1,GANGANAGAR,2013,1,1,243122,937270,3.855142685565272
509,MOD15A2H_006_Lai_500m_doy2014001_aid0025,2014-01-01,0.1,1.7,0.5261573,0.2925667,0.0855953,0.7,1.3,0.5,0.1,0.3,GANGANAGAR,2014,1,1,262808,1095610,4.168860917475876
510,MOD15A2H_006_Lai_500m_doy2015001_aid0025,2015-01-01,0.0,1.6,0.28636849999999997,0.1373425,0.018862999999999998,0.3,0.4,0.3,0.1,0.2,GANGANAGAR,2015,1,1,256659,937036,3.6508986632068234
511,MOD15A2H_006_Lai_500m_doy2016001_aid0025,2016-01-01,0.1,2.3,0.6551661,0.34644440000000004,0.1200238,1.0,2.0,0.7,0.1,0.3,GANGANAGAR,2016,1,1,274584,1037621,3.7788836931503655
512,MOD15A2H_006_Lai_500m_doy2017001_aid0025,2017-01-01,0.0,1.5,0.38018959999999996,0.23511729999999997,0.05528009999999999,0.6,1.2,0.3,0.0,0.2,GANGANAGAR,2017,1,1,248342,984304,3.9635019448985673
513,MOD15A2H_006_Lai_500m_doy2018001_aid0025,2018-01-01,0.1,2.2,0.5642284000000001,0.2959476,0.087585,0.7,1.3,0.5,0.1,0.3,GANGANAGAR,2018,1,1,262110,1059309,4.041467322879707
514,MOD15A2H_006_Lai_500m_doy2019001_aid0025,2019-01-01,0.1,3.2,0.5858745,0.32071659999999996,0.10285910000000001,0.8,1.5,0.6,0.1,0.3,GANGANAGAR,2019,1,1,261633,1094919,4.184942266457213
515,MOD15A2H_006_Lai_500m_doy2011001_aid0026,2011-01-01,0.0,0.4,0.0440556,0.0508634,0.0025870999999999997,0.1,0.2,0.0,0.0,0.0,HANUMANGARH,2011,1,1,227096,867972,3.8220488251664495
516,MOD15A2H_006_Lai_500m_doy2012001_aid0026,2012-01-01,0.1,2.3,0.2563165,0.13120379999999998,0.0172144,0.3,0.4,0.2,0.1,0.2,HANUMANGARH,2012,1,1,247880,896383,3.6161973535581735
517,MOD15A2H_006_Lai_500m_doy2013001_aid0026,2013-01-01,0.0,0.9,0.0926598,0.05445409999999999,0.0029653,0.1,0.1,0.1,0.1,0.1,HANUMANGARH,2013,1,1,234125,884340,3.777213027229045
518,MOD15A2H_006_Lai_500m_doy2014001_aid0026,2014-01-01,0.1,2.1,0.35606679999999996,0.2626771,0.0689993,0.5,1.1,0.2,0.1,0.1,HANUMANGARH,2014,1,1,247706,885386,3.5743421636940567
519,MOD15A2H_006_Lai_500m_doy2015001_aid0026,2015-01-01,0.0,1.1,0.2561268,0.1658248,0.027497900000000006,0.3,0.6,0.2,0.0,0.1,HANUMANGARH,2015,1,1,255214,887259,3.4765295007327186
520,MOD15A2H_006_Lai_500m_doy2016001_aid0026,2016-01-01,0.1,1.8,0.44647749999999997,0.36366550000000003,0.1322526,0.7,1.6,0.3,0.1,0.1,HANUMANGARH,2016,1,1,243714,973765,3.995523441410834
521,MOD15A2H_006_Lai_500m_doy2017001_aid0026,2017-01-01,0.1,1.8,0.37985890000000005,0.2906729,0.0844908,0.6,1.3,0.3,0.1,0.1,HANUMANGARH,2017,1,1,240237,969073,4.033820768657617
522,MOD15A2H_006_Lai_500m_doy2018001_aid0026,2018-01-01,0.1,2.0,0.4565205,0.3591801,0.1290104,0.7,1.4,0.3,0.1,0.2,HANUMANGARH,2018,1,1,244534,1079259,4.413533496364513
523,MOD15A2H_006_Lai_500m_doy2019001_aid0026,2019-01-01,0.1,6.7,0.4597825,0.40343409999999996,0.16275910000000002,0.7,1.6,0.3,0.1,0.1,HANUMANGARH,2019,1,1,245123,1195063,4.87536053328329
524,MOD15A2H_006_Lai_500m_doy2011001_aid0027,2011-01-01,0.0,3.1,0.5778717,0.25851060000000003,0.06682769999999999,0.7,1.1,0.5,0.0,0.4,JAIPUR,2011,1,1,158861,590946,3.7198934917947137
525,MOD15A2H_006_Lai_500m_doy2012001_aid0027,2012-01-01,0.0,4.0,0.5262409,0.24270820000000004,0.058907299999999996,0.7,1.3,0.5,0.0,0.3,JAIPUR,2012,1,1,148076,461366,3.1157378643399336
526,MOD15A2H_006_Lai_500m_doy2013001_aid0027,2013-01-01,0.0,2.0,0.5164465,0.21791300000000002,0.047486099999999996,0.7,1.3,0.5,0.0,0.3,JAIPUR,2013,1,1,151092,510277,3.3772602123209703
527,MOD15A2H_006_Lai_500m_doy2014001_aid0027,2014-01-01,0.1,4.0,0.6190535,0.2697947,0.0727892,0.7,1.1,0.6,0.1,0.4,JAIPUR,2014,1,1,153563,473829,3.0855674869597496
528,MOD15A2H_006_Lai_500m_doy2015001_aid0027,2015-01-01,0.0,5.5,0.5839578000000001,0.3050038,0.09302730000000001,0.7,1.3,0.5,0.0,0.3,JAIPUR,2015,1,1,157649,502927,3.19016930015414
529,MOD15A2H_006_Lai_500m_doy2016001_aid0027,2016-01-01,0.1,2.1,0.48301049999999995,0.2710046,0.0734435,0.6,1.0,0.4,0.1,0.3,JAIPUR,2016,1,1,150350,477120,3.173395410708347
530,MOD15A2H_006_Lai_500m_doy2017001_aid0027,2017-01-01,0.1,6.5,0.6237283,0.29057009999999994,0.08443099999999999,0.7,1.1,0.6,0.1,0.4,JAIPUR,2017,1,1,157232,569358,3.6211331026763
531,MOD15A2H_006_Lai_500m_doy2018001_aid0027,2018-01-01,0.1,2.6,0.48896759999999995,0.28351509999999996,0.0803808,0.6,1.0,0.4,0.1,0.3,JAIPUR,2018,1,1,140904,512683,3.638526940328167
532,MOD15A2H_006_Lai_500m_doy2019001_aid0027,2019-01-01,0.1,2.4,0.5375505,0.2629127,0.0691231,0.7,1.3,0.5,0.1,0.3,JAIPUR,2019,1,1,139519,530407,3.801682924906285
533,MOD15A2H_006_Lai_500m_doy2011001_aid0028,2011-01-01,0.1,1.2,0.21364570000000002,0.0816464,0.0066661,0.2,0.2,0.2,0.2,0.2,JAISALMER,2011,1,1,15127,51937,3.433397236729028
534,MOD15A2H_006_Lai_500m_doy2012001_aid0028,2012-01-01,0.0,1.4,0.22216100000000003,0.074056,0.0054843,0.2,0.2,0.2,0.2,0.2,JAISALMER,2012,1,1,14076,18403,1.3074026712134128
535,MOD15A2H_006_Lai_500m_doy2013001_aid0028,2013-01-01,0.1,1.0,0.2079384,0.0734698,0.0053978,0.2,0.2,0.2,0.2,0.2,JAISALMER,2013,1,1,13424,17467,1.3011769964243147
536,MOD15A2H_006_Lai_500m_doy2014001_aid0028,2014-01-01,0.1,1.3,0.1886565,0.0896941,0.008045,0.2,0.3,0.2,0.1,0.1,JAISALMER,2014,1,1,13709,18128,1.322342986359326
537,MOD15A2H_006_Lai_500m_doy2015001_aid0028,2015-01-01,0.1,2.0,0.1617742,0.1160846,0.0134756,0.2,0.3,0.1,0.1,0.1,JAISALMER,2015,1,1,10318,10022,0.9713122698197324
538,MOD15A2H_006_Lai_500m_doy2016001_aid0028,2016-01-01,0.1,2.1,0.19623410000000002,0.12453679999999999,0.0155094,0.2,0.3,0.2,0.1,0.1,JAISALMER,2016,1,1,12514,17427,1.3926002876778008
539,MOD15A2H_006_Lai_500m_doy2017001_aid0028,2017-01-01,0.0,1.9,0.2021091,0.1204145,0.0144997,0.2,0.3,0.2,0.0,0.1,JAISALMER,2017,1,1,9989,13824,1.383922314546001
540,MOD15A2H_006_Lai_500m_doy2018001_aid0028,2018-01-01,0.1,1.5,0.1883846,0.1143771,0.0130821,0.2,0.3,0.2,0.1,0.1,JAISALMER,2018,1,1,8983,16116,1.7940554380496494
541,MOD15A2H_006_Lai_500m_doy2019001_aid0028,2019-01-01,0.1,1.5,0.15557390000000001,0.09553869999999999,0.009127600000000001,0.2,0.3,0.1,0.1,0.1,JAISALMER,2019,1,1,7882,14209,1.8027150469424005
542,MOD15A2H_006_Lai_500m_doy2011001_aid0030,2011-01-01,0.1,6.4,0.756678,0.47511149999999996,0.22573089999999998,1.0,2.0,0.6,0.1,0.3,JHALAWAR,2011,1,1,70511,222286,3.1525010282083645
543,MOD15A2H_006_Lai_500m_doy2012001_aid0030,2012-01-01,0.1,3.9,0.8603078000000002,0.4495094,0.20205870000000004,1.1,2.0,0.8,0.1,0.5,JHALAWAR,2012,1,1,87563,330747,3.7772460970958055
544,MOD15A2H_006_Lai_500m_doy2013001_aid0030,2013-01-01,0.1,6.8,0.9412379000000001,0.5493266,0.3017597,1.2,2.2,0.8,0.1,0.5,JHALAWAR,2013,1,1,86055,279018,3.2423217709604324
545,MOD15A2H_006_Lai_500m_doy2014001_aid0030,2014-01-01,0.0,7.0,0.6819273,0.5292616,0.2801178,0.9,1.8,0.6,0.0,0.3,JHALAWAR,2014,1,1,106834,329955,3.0884830671883483
546,MOD15A2H_006_Lai_500m_doy2015001_aid0030,2015-01-01,0.0,4.3,0.7543445,0.4213348,0.17752300000000001,1.0,1.9,0.7,0.0,0.4,JHALAWAR,2015,1,1,112534,352790,3.1349636554285816
547,MOD15A2H_006_Lai_500m_doy2016001_aid0030,2016-01-01,0.1,6.3,0.9210876,0.512124,0.262271,1.3,2.5,0.8,0.1,0.5,JHALAWAR,2016,1,1,102108,354563,3.4724311513299644
548,MOD15A2H_006_Lai_500m_doy2017001_aid0030,2017-01-01,0.1,6.4,1.0427236999999998,0.5536812,0.3065629,1.4,2.6,1.0,0.1,0.6,JHALAWAR,2017,1,1,109041,417546,3.8292568850248982
549,MOD15A2H_006_Lai_500m_doy2018001_aid0030,2018-01-01,0.1,6.6,1.0529551000000001,0.6416354999999999,0.41169620000000007,1.4,2.6,1.0,0.1,0.6,JHALAWAR,2018,1,1,102202,413256,4.043521653196612
550,MOD15A2H_006_Lai_500m_doy2019001_aid0030,2019-01-01,0.1,6.6,1.1653403999999998,0.677768,0.45936940000000004,1.5,2.7,1.0,0.1,0.7,JHALAWAR,2019,1,1,105638,426073,4.03333080898919
551,MOD15A2H_006_Lai_500m_doy2011001_aid0032,2011-01-01,0.1,1.7,0.2764475,0.136352,0.0185919,0.3,0.4,0.2,0.1,0.2,JODHPUR,2011,1,1,59285,149046,2.5140592055325968
552,MOD15A2H_006_Lai_500m_doy2012001_aid0032,2012-01-01,0.1,1.4,0.2470275,0.0901872,0.0081337,0.3,0.4,0.2,0.1,0.2,JODHPUR,2012,1,1,50154,136352,2.7186665071579537
553,MOD15A2H_006_Lai_500m_doy2013001_aid0032,2013-01-01,0.1,1.6,0.26243940000000004,0.10634890000000001,0.0113101,0.3,0.4,0.2,0.1,0.2,JODHPUR,2013,1,1,60974,133164,2.183947256207564
554,MOD15A2H_006_Lai_500m_doy2014001_aid0032,2014-01-01,0.1,2.0,0.30460859999999995,0.1376136,0.0189375,0.4,0.7,0.3,0.1,0.2,JODHPUR,2014,1,1,67879,152460,2.2460554810766222
555,MOD15A2H_006_Lai_500m_doy2015001_aid0032,2015-01-01,0.1,2.4,0.2970708,0.1393689,0.0194237,0.3,0.4,0.3,0.1,0.2,JODHPUR,2015,1,1,67781,130806,1.9298328440123336
556,MOD15A2H_006_Lai_500m_doy2016001_aid0032,2016-01-01,0.1,2.0,0.2835259,0.1354136,0.018336900000000003,0.3,0.4,0.2,0.1,0.2,JODHPUR,2016,1,1,69216,136221,1.9680565187239945
557,MOD15A2H_006_Lai_500m_doy2017001_aid0032,2017-01-01,0.1,1.9,0.3439663,0.1714167,0.0293837,0.4,0.7,0.3,0.1,0.2,JODHPUR,2017,1,1,77939,180677,2.31818473421522
558,MOD15A2H_006_Lai_500m_doy2018001_aid0032,2018-01-01,0.1,2.1,0.3182505,0.1651312,0.0272683,0.4,0.7,0.3,0.1,0.2,JODHPUR,2018,1,1,66071,150969,2.2849510375202438
559,MOD15A2H_006_Lai_500m_doy2019001_aid0032,2019-01-01,0.1,1.5,0.25956710000000005,0.116202,0.0135029,0.3,0.4,0.2,0.1,0.2,JODHPUR,2019,1,1,63675,149730,2.351472320376914
